Timestamp,Video ID,Comment,Comment ID
2025-03-09 15:20:54,ESWBDhJH5cs,물쥐 요즘 욕이 너무 많아지긴했음 ㄹㅇ…,
2025-03-10 00:08:59,ESWBDhJH5cs,나만 렉걸림 ?,UgxydX3XZlm4zqbdN7Z4AaABAg
2025-03-10 00:08:59,ESWBDhJH5cs,"<a href=""https://www.youtube.com/watch?v=ESWBDhJH5cs&amp;t=423"">7:03</a> 오늘의 하이라이트",UgxJ6bA2AR8PCBj89gZ4AaABAg
2025-03-10 00:09:00,ESWBDhJH5cs,나만 느끼는건가~ 예전보다 재미도 별로... 욕도 거부감드는데..,Ugz1nXO1LQlrrYHjmZF4AaABAg
2025-03-10 00:09:00,ESWBDhJH5cs,매판 버스타는 딜량의원딜😅,UgwAxwfqjcnrTLBKODF4AaABAg
2025-03-10 00:09:00,ESWBDhJH5cs,방관을 하는 거 보면 K가 아니라<br>그냥 여경인데,UgwdotAuxixopstrVIF4AaABAg
2025-03-10 00:09:01,ESWBDhJH5cs,그냥 지가 못 한 건데 또 팀탓 징징만 하고 욕만하네 어휴,UgybHFLFujpJUC_gqch4AaABAg
2025-03-10 00:09:01,ESWBDhJH5cs,언제부턴가 욕이 너무많아진거같아요,UgwJcH_xZDBmhztQP0x4AaABAg
2025-03-10 00:09:01,ESWBDhJH5cs,던파 영상 한 번 올려줘요 반응 궁금한데,UgyjNDJ8QRCpvemBHrJ4AaABAg
2025-03-10 00:09:02,ESWBDhJH5cs,롤체 내놔라,UgzNL0m5jkrW0AgjlZ94AaABAg
2025-03-10 00:09:02,ESWBDhJH5cs,로블록스같이 했던 햄스터에요!,UgxYD-2roKQK1yngaIF4AaABAg
2025-03-10 00:09:02,ESWBDhJH5cs,물쥐 요즘 욕이 너무 많아지긴했음 ㄹㅇ…,Ugy-JdPg1aTUHYsbqBl4AaABAg
2025-03-10 00:09:03,ESWBDhJH5cs,이마가 왜이리 큼?,UgyqSP11SsRQfJ-GtXJ4AaABAg
2025-03-10 00:09:03,ESWBDhJH5cs,캠 AI임?,Ugy0XQtarAw8ppLp8rl4AaABAg
2025-03-10 00:09:03,ESWBDhJH5cs,개졸귀탱,UgySM_zC4tdimcJ502t4AaABAg
2025-03-10 00:09:04,ESWBDhJH5cs,3일 연속 롤영상이라니,UgwI-bqVWUNxsblHEwJ4AaABAg
2025-03-10 00:09:04,ESWBDhJH5cs,오랜만에 왔는데 뭐 방음부스 설치함? 소리 지르는데 약간 밋밋한데😢,Ugz2Ns_R5P5lVAkTkpp4AaABAg
2025-03-10 00:09:04,ESWBDhJH5cs,캠 왜 바꼈나여?,UgwUMWYPLYt-zA2iaFZ4AaABAg
2025-03-10 00:09:04,ESWBDhJH5cs,썸네일 당구킥 3명 맞춘줄 알았네,Ugx0ZZ36rP-E33c45Lp4AaABAg
2025-03-10 00:09:05,ESWBDhJH5cs,"<a href=""https://www.youtube.com/watch?v=ESWBDhJH5cs&amp;t=34"">0:34</a> 타워에서 빠질려고 핑와박고 신발컨 한거 진짜에요?",Ugyeg8CFanfFxlhv4y54AaABAg
2025-03-10 00:09:05,ESWBDhJH5cs,우리 괴물쥐도 늙어가는게 느껴지네.. 세월이란 참,UgxKvqElcyg4j7Fa3cp4AaABAg
2025-03-10 00:09:05,ESWBDhJH5cs,싱글벙글 댓글읽기,UgyWrwzbbdmN3G9gh214AaABAg
2025-03-10 00:09:06,ESWBDhJH5cs,얘 이제 리액션방송만함? ㅋㅋ 교전 마다 리액션이 반이상이네 ㅋㅋㅋㅋ,UgyX73ORhlVrTBASi_14AaABAg
2025-03-10 00:09:06,ESWBDhJH5cs,변기에 앉아서 게임하는거같네,UgzZg7IACzs2H55hshl4AaABAg
2025-03-10 00:09:06,ESWBDhJH5cs,"<a href=""https://www.youtube.com/watch?v=ESWBDhJH5cs&amp;t=14"">0:14</a> 아펠 플 쓰는거 &lt; &gt; 눌러서 프레임 단위로 보면 목만 잘림 ㅋㅋ pc만 됨",UgyAQXH_PAYXkBe4HCZ4AaABAg
2025-03-10 00:09:07,ESWBDhJH5cs,말하면서 하는 거 보니까 쉽나보다,UgxY2vPpjd5pt4CqFm54AaABAg
2025-03-10 00:09:07,ESWBDhJH5cs,뭐지? 이사하고 얼굴도 다른사람같냐? 약간 성형한 보겸닮앗는데,UgzPdH_icpIk4_KvMSB4AaABAg
2025-03-10 00:09:07,ESWBDhJH5cs,어제 트롤러가 느억맘소스 이러던데,UgxnunAsEhRkdk-w9Rt4AaABAg
2025-03-10 00:09:07,ESWBDhJH5cs,캠이랑 배경 더럽게 별로네,Ugw5PCowWqTHugJxxLB4AaABAg
2025-03-10 00:09:08,ESWBDhJH5cs,간만에 왔는데 소리만 지르고 재미가 하나도 없네,UgzH84cuknqxy_Y1gUx4AaABAg
2025-03-10 00:09:08,ESWBDhJH5cs,물쥐야... 더 올라갈려면 루굼마 이런건 편집하는게 어떨까?,UgxfyFmVA3Zndogvqi54AaABAg
2025-03-10 00:09:08,ESWBDhJH5cs,엥 배경 주방 아녓음? 흰색은 토스트기고…,UgzY7UJ-oTZfHzSKHzh4AaABAg
2025-03-10 00:09:09,ESWBDhJH5cs,근데 요즘 방송 중에 팀원이나 상대한테 욕하면 정지 아님? 그렇게 들었던거 같은데 옛날 방송 분량인가,Ugz50EkAiz33yJeVz6B4AaABAg
2025-03-10 00:09:09,ESWBDhJH5cs,저 머리하고 잘생겨진 거 같은데 나만 그럼?,UgzEOPnIbuxA6cCT2Q14AaABAg
2025-03-10 00:09:09,ESWBDhJH5cs,이새기 똥칸에서 게임하노,UgzInAdVUg4Izw1H6BV4AaABAg
2025-03-10 00:09:10,ESWBDhJH5cs,메이플 여친이랑 헤어짐? 배경이랑 안경 ㅈ같이 바꿨네;; 뭔 일 있냐,Ugy6s5Or70urzpWaOCd4AaABAg
2025-03-10 00:09:10,ESWBDhJH5cs,루굼마~,Ugy8aOOVQhxR4C2dI7l4AaABAg
2025-03-10 00:09:11,ESWBDhJH5cs,포킹 바루스는 요즘 메타에 안어울립니다. 당신이 못하는 모습을 보니 보기 좋지 않습니다.,UgzcnYAv2IPL0hCQm_F4AaABAg
2025-03-10 00:09:11,ESWBDhJH5cs,루굼마 ㅋㅋ,UgzfY3PpnF_HgCLMzrh4AaABAg
2025-03-10 00:09:11,ESWBDhJH5cs,"요즘 편집자 바뀐거 같은데 지금 편집자 느낌이 어디 유튜브 외주 맡긴거 같음. 물쥐 1도 모르고, 예전에 맛있는 느낌도 없고 물쥐 하는 말에 그냥 자막 달아논 느낌임. 감도 없고 재미없음.",UgxLR9WJpkqlePza_a14AaABAg
2025-03-10 00:09:11,ESWBDhJH5cs,물쥐님 어디 지역으로 이사가셨나요,UgxeMkEaUoFZRcou2hl4AaABAg
2025-03-10 00:09:12,ESWBDhJH5cs,점점 영상마다 욕이 느는것같은데 유튜브에 올릴것 생각해서 적당히좀 하지,Ugw4bahZXmXw06N6NqJ4AaABAg
2025-03-10 00:09:12,ESWBDhJH5cs,아..롤이네…,UgzCGYGTHsjq7vyXXOx4AaABAg
2025-03-10 00:09:13,ESWBDhJH5cs,ㅋㅋ잼써,UgytLiLyVDUbRRGTrcJ4AaABAg
2025-03-10 00:09:13,ESWBDhJH5cs,갑자기 욕도 많이하고 소리만 지르는거.같지 왜..<br>보다가 시끄러워서 괴물쥐 영상끈건 또 첨이네<br>19년도 영상이나 보러가야겠다 ㅋㅋ,UgwoIaZDqvKo8z-F_y14AaABAg
2025-03-10 00:09:13,ESWBDhJH5cs,ㄷㄷ,UgzM0gVtoQb2Gsvf0lB4AaABAg
2025-03-10 00:09:14,ESWBDhJH5cs,얘 왜 화장실에서 게임함?,Ugz7uy9e6cY_yckosfJ4AaABAg
2025-03-10 00:09:14,ESWBDhJH5cs,진 원챔으로서 지환이 진은 좀 맛없네 스태틱 가는거부터,UgwuqjtACXHbJ3oVT8t4AaABAg
2025-03-10 00:09:14,ESWBDhJH5cs,ㅜㅜ협곡 하니까 보고싶던 찐텐이 드디어 나오네 반갑다앙,Ugy8jNJQKDaobRc67sN4AaABAg
2025-03-10 00:09:15,ESWBDhJH5cs,루굼마ㅋㅋ,UgzcbY_PxexaGCI_48R4AaABAg
2025-03-10 00:09:15,ESWBDhJH5cs,루굼마 씹ㅋㅋㅋㅋㅋ ㅁㅊ ㅈㄴ웃기네,Ugw5htPG6kxB-gK9h7h4AaABAg
2025-03-10 00:09:15,ESWBDhJH5cs,물지님 롤 실력이 예전만못한거같냐😅,Ugx7PwGzxx7f-Br32hR4AaABAg
2025-03-10 00:09:16,ESWBDhJH5cs,근데 배경왜바뀜??옮김??,UgyZAgNRBZnm6FNBir14AaABAg
2025-03-10 00:09:16,ESWBDhJH5cs,이제 디도스 없는건가요?,UgzH6_hwW7q3tWyP7_x4AaABAg
2025-03-10 00:09:16,ESWBDhJH5cs,와 그마는 그마다,Ugxrf9YGomdjZHRE_-R4AaABAg
2025-03-10 00:09:17,ESWBDhJH5cs,괴물쥐 이사감?,Ugy38w0q6GyT2vp2cRd4AaABAg
2025-03-10 00:09:17,ESWBDhJH5cs,욕이 반이네 구독회수한다,UgxxnAjkBRJpfN5LS-N4AaABAg
2025-03-10 00:09:17,ESWBDhJH5cs,버스만 타네,UgyZydipOydPhxU3PeV4AaABAg
2025-03-10 00:09:18,ESWBDhJH5cs,응~ 룩앳미~,Ugx7Mw6IeYNRWmDyD6R4AaABAg
2025-03-10 00:09:18,ESWBDhJH5cs,호감형 쥐환,UgxYYM0TVRL6ORaEeH54AaABAg
2025-03-10 00:09:18,ESWBDhJH5cs,마이크가 좀 작은거같냐 음질은 훨씬 깔끔하긴한데,Ugygi6RqD4MvGN-Udpx4AaABAg
2025-03-10 00:09:18,ESWBDhJH5cs,욕하면 제재먹는거 아직 적용 안됨?,UgxfTuPyLLAmdDqLDcd4AaABAg
2025-03-10 00:09:19,ESWBDhJH5cs,파이팅해봐요! 만 쳐도 욕설정진데 그냥 여러명이 신고하면 정지여 ㅋㅋ,UgwInRA40mzWpRPvLNd4AaABAg
2025-03-10 00:09:19,ESWBDhJH5cs,영상 자주 올리노 👍,UgylOjCMRHj8hbpVFml4AaABAg
2025-03-10 00:09:19,ESWBDhJH5cs,루굼마,UgwelGfw04aqk-048Rl4AaABAg
2025-03-10 00:09:20,ESWBDhJH5cs,확실히 전 자취방 배경이 훨 낫긴하다..익숙해서 그런가 안정감있고 아늑했었는데😢,UgwGNkQzpPiH7R0pT-d4AaABAg
2025-03-10 00:09:20,ESWBDhJH5cs,노잼,UgwVmQ_mykvkN8EqoDF4AaABAg
2025-03-10 00:09:20,ESWBDhJH5cs,마이크 왜케 더빙같냐 ㅋㅋㅋㅋㅋㅋ,UgzA81TdraISBxBzkPV4AaABAg
2025-03-10 00:16:01,ESWBDhJH5cs,안경 ㄹㅈㄷ네,UgxuFXTeaGXQbCuj0Y94AaABAg
2025-03-10 00:16:01,ESWBDhJH5cs,바루스 진 가지무침 그만!!,Ugy-SNeM0sKE_y0KKBB4AaABAg
2025-03-10 00:16:01,ESWBDhJH5cs,물쥐님 어느새 30살도 훌쩍 넘으셨는데 몇살때까지 욕 남발하면서 방송하실꺼에요?,Ugz326YJEcVPSZA9D194AaABAg
2025-03-10 00:16:01,ESWBDhJH5cs,루굼마 &lt; 정지 먹은사람,UgzRzUJfVd9KSgQrcrJ4AaABAg
2025-03-10 00:16:01,ESWBDhJH5cs,캠도 깨끗해지고 집도 바뀌고 안경도 저러니까 얼굴로 방송하는 거 같이서 롤에 집중이 안 됨<br>초심 잃었다 물쥐;;,Ugzai2Y-UlTgE_wZSEJ4AaABAg
2025-03-10 00:16:01,ESWBDhJH5cs,아무리 웃겼어도 유튜브 제목을 루굼마 보단 호감형 리신으로 바꾸는게 나을듯ㅋㅋ,Ugy5tv78saFNR2X6ooV4AaABAg
2025-03-10 00:16:01,ESWBDhJH5cs,안경 족그튼걸로도 바꿨다,UgxzAUGly8JtwUUYc4N4AaABAg
2025-03-10 00:16:01,ESWBDhJH5cs,루굼마 ㅋㅋㅋㅋ,UgyZn6J5It_6SZv-PkN4AaABAg
2025-03-10 00:16:01,ESWBDhJH5cs,바루스 맛없네 플레이랑 템트리가 아쉬워,Ugw0QS-hCkQmsIOMvjZ4AaABAg
2025-03-10 00:16:01,ESWBDhJH5cs,얘는 최소 주방 잘쳐줘야 변소임,UgyoyXB2SGEksgciZDF4AaABAg
2025-03-10 00:16:01,ESWBDhJH5cs,루굼마 ㅋㅋㅋㅋㅋㅋㅋㅇㅈㄹ,UgxAP0hkngpwFXF-WkJ4AaABAg
2025-03-10 00:16:01,ESWBDhJH5cs,이 색기 뭐가 어색하냐,UgwbuisFdERK2m8EtNZ4AaABAg
2025-03-10 00:16:01,ESWBDhJH5cs,"<a href=""https://www.youtube.com/watch?v=ESWBDhJH5cs&amp;t=1002"">16:42</a>",UgwMrVDaAjpNV5TcCz94AaABAg
2025-03-10 00:16:01,ESWBDhJH5cs,아니 물쥐님 쌍욕이 너무 많아 ㅋㅋ 행복 실력 롤좀 보여줘,UgzTGauC2-UEE9T_mjJ4AaABAg
2025-03-10 00:16:01,ESWBDhJH5cs,"<a href=""https://www.youtube.com/watch?v=ESWBDhJH5cs&amp;t=766"">12:46</a> 요네가 블라디 이기는 상성임? 몰라서 물어봄",UgxNqkMGbE9lA7n_vQN4AaABAg
2025-03-10 00:16:01,ESWBDhJH5cs,굳,UgwSDwGL65qO7K7Zezd4AaABAg
2025-03-10 00:16:01,ESWBDhJH5cs,괴물쥐 루굼마 요리잘함 ㅋㅋ,UgyLd7c9P9ILmF9oEnF4AaABAg
2025-03-10 00:16:01,ESWBDhJH5cs,"<a href=""UCkszU2WH9gy1mb0dV-11UJg/hf90Xv-jHeOR8gSxxrToBA""></a>",UgxIy7nIwoKKBM75E2R4AaABAg
2025-03-10 00:16:01,ESWBDhJH5cs,괴물쥐님 바루스를 많이 하시는 거 보니깐 바루스가 사기인가 봐요,Ugz1m4QuFY_p9VtdqiZ4AaABAg
2025-03-10 00:16:01,ESWBDhJH5cs,잼네,Ugy5dujbDc83w88HKGh4AaABAg
2025-03-10 00:16:01,ESWBDhJH5cs,지환님 루굼마,Ugz3G41HdUS_014D6m94AaABAg
2025-03-10 00:16:01,ESWBDhJH5cs,이사 기념 물쥐의 삶 3탄 가자,Ugzh4-nIOGuAPKdoE7p4AaABAg
2025-03-10 00:16:01,ESWBDhJH5cs,괴물쥐 욕을 너무 많이하네 인제 못보겟다;,Ugwxoqlk8IMXZRXoW6J4AaABAg
2025-03-10 00:16:01,ESWBDhJH5cs,요새 롤 올라와서 넘 좋당 ㅎ,UgxI5iYrnwJwzpBVq4B4AaABAg
2025-03-10 00:16:01,ESWBDhJH5cs,어떻게든 부모님의 안부를 묻겠다는 한국인의 의지...<br>솔직히 어떻게 참음.,UgyhiDuuQJ6-cKN2L7d4AaABAg
2025-03-10 00:16:01,ESWBDhJH5cs,물쥐님 그래도 요즘 그녀석에서 풀려나서 롤영상올라오는거 보기좋습니다 괴물쥐화이팅,UgysVUhsNW5bfU2XgWR4AaABAg
2025-03-10 00:16:01,ESWBDhJH5cs,오늘 반찬 왤케 양이 적나요,Ugz3SZSHwKmhEWYu5v54AaABAg
2025-03-10 00:16:01,ESWBDhJH5cs,이거 괴물쥐 상대한테 쌍욕 박는거 상대가 고소 가능?,Ugxq8RJIXc-3bbr9C754AaABAg
2025-03-10 00:16:01,ESWBDhJH5cs,루굼마ㅋㅋ,Ugw-qYYrHyTebAiKOLR4AaABAg
2025-03-10 00:16:01,ESWBDhJH5cs,물쥐 저기 어디임?,Ugxpl7USQLweyP2cEWN4AaABAg
2025-03-10 00:16:01,ESWBDhJH5cs,"<a href=""https://www.youtube.com/watch?v=ESWBDhJH5cs&amp;t=758"">12:38</a> 니코 귀엽ㅋㅋㅋㅋㅋ",UgwUamFlOrbbogX2qMR4AaABAg
2025-03-10 00:16:01,ESWBDhJH5cs,물쥐님 집 소개 영상 올려주세요,UgzBAgNsWHhkuiVKN_R4AaABAg
2025-03-10 00:16:01,ESWBDhJH5cs,이분은 왜 한문장에 한번씩 욕하나요?,UgzC6CIuwWQTpnI7m-h4AaABAg
2025-03-10 00:16:02,ESWBDhJH5cs,괴물쥐 안경 bm 7시리즈 콧구멍이냐?,UgwFsV8b6Wy_ptgRW054AaABAg
2025-03-10 00:16:02,ESWBDhJH5cs,솔직히 욕이 늘기는했어,UgxTXWAN6SbntL4LRP54AaABAg
2025-03-10 00:16:02,ESWBDhJH5cs,바루스 스킨 왜케 흐물거려,UgxA5lDZpK0gC-JeUdl4AaABAg
2025-03-10 00:16:02,ESWBDhJH5cs,아 이게 아니야 싼맛이 사라졌잖아!!,Ugw5hF-DyS7jE_dbkyN4AaABAg
2025-03-10 00:16:02,ESWBDhJH5cs,"가장 좋아하는 가수는 누군가요?<br><a href=""https://www.youtube.com/watch?v=ESWBDhJH5cs&amp;t=704"">11:44</a>",UgzpKd_08AO0Wzp5v-14AaABAg
2025-03-10 00:16:02,ESWBDhJH5cs,롤이 망할수록 물쥐 볼낯이 없어지는거같내....<br>예전에 다이아 에 허우적되던 그 쥐 가 이젠 그리워진다. 그땐 짙은색을 다 받아내던 라이엇 이었던거 같은데...,Ugy5HAIi0GjRMwdbUC54AaABAg
2025-03-10 00:16:02,ESWBDhJH5cs,"<a href=""https://www.youtube.com/watch?v=ESWBDhJH5cs&amp;t=60"">1:00</a> 와 니코 분신플레이 지리네",UgxQ7qj713FOslVAamd4AaABAg
2025-03-10 00:16:02,ESWBDhJH5cs,배경하고 소리 맛 ㄹㅇ 없어졌네,Ugw3hpikM5umx-NDQVZ4AaABAg
2025-03-10 00:16:02,ESWBDhJH5cs,캠 배경을 깔끔하게 좀 해야될듯 단색이라든지,UgxIMb-296ZCZElCceh4AaABAg
2025-03-10 00:16:02,ESWBDhJH5cs,나만 썸네일 3인 당구인줄 알앗냐,UgxHg0xjGCjG-2t5qoV4AaABAg
2025-03-10 00:16:02,ESWBDhJH5cs,화장실에서 방송하는거에요? 이사가심?,Ugz8vJioTktaBuJrR-14AaABAg
2025-03-10 00:16:02,ESWBDhJH5cs,지금달면 배뎃인데 뭐 달지,Ugxcu8zMVl7dTeW-dUJ4AaABAg
2025-03-10 00:16:02,ESWBDhJH5cs,썸넬보고 당구 기가막히게 친건 줄 알았네,UgzjBjTatzpHcAcc4Q54AaABAg
2025-03-10 00:16:02,ESWBDhJH5cs,ee,UgyqY-oj-iDb_DOdOg54AaABAg
2025-03-10 00:16:02,ESWBDhJH5cs,공겜85,UgzsVWQOTdvOGOgLBld4AaABAg
2025-03-10 00:16:02,ESWBDhJH5cs,"물쥐 형...넣을게...<br><a href=""https://www.youtube.com/watch?v=ESWBDhJH5cs&amp;t=853"">14:13</a>",UgyBj_-iyTZLSOatkXB4AaABAg
2025-03-10 00:16:02,ESWBDhJH5cs,ㅋㅋㅋㅋ화장실이라고 하능거 뭔말인지 알 것 같아서 개웃기네 ㅋㅋㅋㅋㅋ,Ugx4gQlS1O1MVswjhtZ4AaABAg
2025-03-10 00:16:02,ESWBDhJH5cs,배경 ㅈ노맛이긴함,UgxCnUVQAyEZ0RF6HHd4AaABAg
2025-03-10 00:16:02,ESWBDhJH5cs,물쥐야 쿠킹덤 해줘,UgzyL9qUipLNVr_MvVd4AaABAg
2025-03-10 00:16:02,ESWBDhJH5cs,루굼마 ㅋㅋ,UgyxUUOXcvkudzzXFcJ4AaABAg
2025-03-10 00:16:02,ESWBDhJH5cs,루굼마 알ㄹ려줘서 당장 쓰러간다 물쥐야 고맙다,UgwPHgOpgYoBnIOiZDR4AaABAg
2025-03-10 00:16:02,ESWBDhJH5cs,요즘 바루스 많이하네 물쥐 ❤️,Ugy1G5acwfOiH1LsNAd4AaABAg
2025-03-10 00:16:02,ESWBDhJH5cs,괴물쥐 집 궁금하네,Ugxow0Em-43y4nOCDFN4AaABAg
2025-03-10 00:16:02,ESWBDhJH5cs,아 재밌긴한데 예전같이 헝그리 정신이 그득할 때가 그립구만...,Ugy6vK3LGjymY2J0Y5N4AaABAg
2025-03-10 00:16:02,ESWBDhJH5cs,물쥐야 집 좀 구경 시켜줘라,Ugw7AYxDgtfM03D3MA54AaABAg
2025-03-10 00:16:02,ESWBDhJH5cs,배경이 아늑한 맛이 없네,Ugxv8QUZB2lCUc7irnt4AaABAg
2025-03-10 00:16:02,ESWBDhJH5cs,얘는 롤한지가 몇년인데 타워어그로 개념도 모르냐 ㅋㅋ,UgzDQDGEDZCaqgjKUwV4AaABAg
2025-03-10 00:16:02,ESWBDhJH5cs,사미라 좀 해라 지환아,UgytIHeZtx-bZ8TKzzR4AaABAg
2025-03-10 00:16:02,ESWBDhJH5cs,옛날 배경이 그리운데... ai로 청바지+침대 배경 넣어주면 안되냐?,UgzngHHbRjwHaOsQfyV4AaABAg
2025-03-10 00:16:02,ESWBDhJH5cs,"<a href=""https://www.youtube.com/watch?v=ESWBDhJH5cs&amp;t=1002"">16:42</a> 루굼마가 ㅈ@ㄴ 웃기네 ㅅㅂ ㅋㅋㅋㅋㅋㅋㅋㅋㅋㅋㅋㅋㅋㅋㅋ",UgwSTvmnRCye2jtDRvt4AaABAg
2025-03-10 00:16:02,ESWBDhJH5cs,물쥐 집 이사했음?,UgxKnJf-VsRrpMmu1y54AaABAg
2025-03-10 00:16:02,ESWBDhJH5cs,방관바루스는 qew 선마아님?,Ugx8S3v5pEnFbgMbPo94AaABAg
2025-03-10 00:16:02,ESWBDhJH5cs,요즘 롤 안 해서 그러는데 원딜 캐리력 요즘은 없는 메타임?,UgwAR5ytA0JlBXvGh6V4AaABAg
2025-03-10 00:16:02,ESWBDhJH5cs,이 사람 안경 벌칙아니고 데일리셨어??,UgwHnQcSH4UVma_azYR4AaABAg
2025-03-10 00:16:02,ESWBDhJH5cs,빨리올라가서 장지환 맞라인 서고 싶다 ㅅㅂ (원딜신지드),UgxftjdPbRkR4cHeErt4AaABAg
2025-03-10 00:16:02,ESWBDhJH5cs,얘 왜 요우무를 안쓰냐 부활하자마자 (전)라도 좀 써라 물쥐야,UgwZF3sLDHb8wHBybQ14AaABAg
2025-03-10 00:16:02,ESWBDhJH5cs,원딜은 점점 못해지네..,Ugx49J_J-oiSWtzje5N4AaABAg
2025-03-10 00:16:02,ESWBDhJH5cs,괴물쥐 디도스 이제 안걸림?,UgyYL_0DyAY4096rpFF4AaABAg
2025-03-10 00:16:02,ESWBDhJH5cs,뒤에 괴물쥐 등신대라든지 여친등신대라든지 다키마쿠라라도 세워라 등판이 맛이없다,UgxbXwFxpvnS_4QAz0d4AaABAg
2025-03-10 00:16:02,ESWBDhJH5cs,ai쇼츠 시작했는데 한번만 보러와주세용~!!,UgwX84K4XwS2aSoUsd94AaABAg
2025-03-10 00:16:02,ESWBDhJH5cs,"물쥐야 어때?<br><a href=""https://www.youtube.com/watch?v=ESWBDhJH5cs&amp;t=853"">14:13</a>",Ugy_0qnoSV7aMnKseHZ4AaABAg
2025-03-10 00:16:02,ESWBDhJH5cs,"<a href=""https://www.youtube.com/watch?v=ESWBDhJH5cs&amp;t=303"">05:03</a> 와 라이즈 ㅁㅊ판단 진짜 지렸다",UgwZRbRxEadZT3dbC394AaABAg
2025-03-10 00:16:02,ESWBDhJH5cs,가르마 킹받노,Ugx4ZHJpg2G5aEwNZC54AaABAg
2025-03-10 00:16:02,ESWBDhJH5cs,물쥐야 진지하게 한마디만 한다 뒤에 너 가슴 밑까지 오는 길이 서랍 놔두고 굿즈랑 골드버튼 장식해놔라 지금 배경 줘 패고싶으니까,UgyPpdKFdCyB2bFSTXp4AaABAg
2025-03-10 00:16:02,ESWBDhJH5cs,루금마,UgynDwVPC76pW-Bed1h4AaABAg
2025-03-10 00:16:02,ESWBDhJH5cs,루굼마 ㅋ,UgzQetyImXEuMciTzZx4AaABAg
2025-03-10 00:16:02,ESWBDhJH5cs,안경바꿔,UgyVM9x9sNMbyz_-meF4AaABAg
2025-03-10 00:16:02,ESWBDhJH5cs,물쥐영상 보면서 혼술 맛있다,UgxzuvmvDqSH0Q-j3cl4AaABAg
2025-03-10 00:16:02,ESWBDhJH5cs,오버워치 재활훈련 하다가 ㅈㄴ 못해서 걍 롤하는거 보기좋네 ㅋㅋ,UgzZ6LBSO7eF2AUmV7x4AaABAg
2025-03-10 00:16:02,ESWBDhJH5cs,루굼마ㅋㄱㄱㅋ,Ugy-kNAe2zfKlomsSet4AaABAg
2025-03-10 00:16:02,ESWBDhJH5cs,썸네일 3캐릭인 줄 알았으면 개추 ㅋㅋ,UgyD7KtVIcawz8J-OMt4AaABAg
2025-03-10 00:16:02,ESWBDhJH5cs,인섹킥!,UgyiuvgR94G9358VNk14AaABAg
2025-03-10 00:16:02,ESWBDhJH5cs,썸네일 나만 인섹킥인줄 알았음ㅇㅅㅇ?,UgxL5-xLnw3jzCXWUKh4AaABAg
2025-03-10 00:16:02,ESWBDhJH5cs,요즘 피지컬떨어져서 날먹 챔프만 ㅈㄴ하네 ㅋㅋ,UgyrrNYbGtkcz2PRWr14AaABAg
2025-03-10 00:16:02,ESWBDhJH5cs,리포해주세요,UgwiE7sQlHnyUn9apaZ4AaABAg
2025-03-10 00:16:02,ESWBDhJH5cs,괴물쥐 (트위치) : 벼시<br>괴물쥐 (트위치) : ㅇㄴ<br>이렇게 하면 정지안먹는다 팁임,UgwBb3yYpzrt4FWacLx4AaABAg
2025-03-10 00:16:02,ESWBDhJH5cs,ㅇㅇ,UgywR2XU8eddZrJgFrF4AaABAg
2025-03-10 00:16:02,ESWBDhJH5cs,벌써 일요일이라는게 안믿기면 개추ㅋㅋ..,UgyS-NeqftUo9UtN0hd4AaABAg
2025-03-10 00:16:02,ESWBDhJH5cs,예전이 낫다 별로야 뭔가 억텐같아보여 지금,UgxR6AKb_KYhdnnX8SF4AaABAg
2025-03-10 00:16:02,ESWBDhJH5cs,루굼마 ㅋㅋㅋㅋㅋㅋㅋㅋㅋㅋㅋㅋㅋㅋㅋㅋㅋㅋㅋㅋㅋㅋㅋㅋㅋ,Ugym202bI_3aUwG6Sv94AaABAg
2025-03-10 00:16:02,ESWBDhJH5cs,좋은말할 때 던파영상 올려라,UgxkGqSDqej1iR3ioYt4AaABAg
2025-03-10 00:16:02,ESWBDhJH5cs,목소리가 약간 달라진 것 같은데 맞나?,Ugz35mhruBfujze4KhZ4AaABAg
2025-03-10 00:16:02,ESWBDhJH5cs,협곡 그만하고 롤체 돌려달라 당신이 롤체 안하니까 애들이 유연한 덱 전환을 시도하잖아 요즘에 허구헛날 당신 덱으로만 대가리 박는애들때매 순방은 기ㅣㅣㅣ냥 했는데 롤체 내놔요 당장,UgzA7_7uS71A9Nz6udl4AaABAg
2025-03-10 00:16:02,ESWBDhJH5cs,와 16분전은 못참아잇❤,Ugxax_Zm6XaXuKK77wd4AaABAg
2025-03-10 00:16:02,ESWBDhJH5cs,져야 맛있는데…,UgwEHjwcOpxX7RDUHiV4AaABAg
2025-03-10 00:16:02,ESWBDhJH5cs,나도 겜하면서 돈벌고싶다..,UgwATGXs3Ccid3EZMPZ4AaABAg
2025-03-10 00:16:02,ESWBDhJH5cs,최강몬스터헌터 최종변기장쥐환 어디감,UgwFScsVZvpgv3scEk94AaABAg
2025-03-10 00:16:02,ESWBDhJH5cs,"<a href=""https://www.youtube.com/watch?v=ESWBDhJH5cs&amp;t=423"">7:03</a> 썸네일",UgxooORuQipqeMIN2J94AaABAg
2025-03-10 00:16:02,ESWBDhJH5cs,"<a href=""https://www.youtube.com/watch?v=ESWBDhJH5cs&amp;t=161"">2:41</a> 대 재 석",UgwDKP_xHi3pukffQKZ4AaABAg
2025-03-10 00:16:02,ESWBDhJH5cs,"1살 더 먹더니 진, 바루스만 하네",Ugx5RM8aFx60Gz4l7BZ4AaABAg
2025-03-10 00:16:02,ESWBDhJH5cs,물쥐 어따 돈날리고 공중화장실에서 방송하냐 ㅋㅋ,UgwAStAW4nnK3K64a3N4AaABAg
2025-03-10 00:16:02,ESWBDhJH5cs,물즤님 이사갔어요??,UgykR1NmoDYzUMh7q_d4AaABAg
2025-03-10 00:16:02,ESWBDhJH5cs,물지의 슈퍼뿅뿅울트라꼭고추motto~♡motto~♡ hayaku ah~!🥵,UgxXyGcMgap0TP55-g54AaABAg
2025-03-10 00:16:02,ESWBDhJH5cs,캠 구도랑 배경이 왜케 어디 갇혀서 비트코인 채굴하는 노예같냐,UgwkMmANANPDrKUaZ9p4AaABAg
2025-03-10 00:16:02,ESWBDhJH5cs,물쥐형 이사감?,UgwpzVLCca2BG52hmup4AaABAg
2025-03-10 00:16:02,ESWBDhJH5cs,"<a href=""https://www.youtube.com/watch?v=ESWBDhJH5cs&amp;t=439"">7:19</a>  노굼마 ㅋㅋㅋㅋㅋㅋㅋㅋㅋㅋㅋㅋㅋ",UgyRC8k-lGj4FlVRYn14AaABAg
2025-03-10 00:16:02,ESWBDhJH5cs,멸공,UgzJTcZvWLd2B_i9aM14AaABAg
2025-03-10 00:16:02,ESWBDhJH5cs,"롤이 요즘 맛이없다,, 종겜이 나은듯",UgxZKtCbGAaar5HK9tV4AaABAg
2025-03-10 00:16:02,ESWBDhJH5cs,저 고등학교 자퇴고민중인데 조언좀 해주세요,Ugzbls3gn5jGYlQATcV4AaABAg
2025-03-10 00:16:02,ESWBDhJH5cs,나만 그렇게 느끼는건가..바뀐 배경 왤케 화장실 타일같지 ㅋ ㅋ ㅋ ㅋ ㅋㅋㅋ ㅠㅠㅠㅠ,UgyfsQA9cOd1KYVBQgV4AaABAg
2025-03-10 00:16:02,ESWBDhJH5cs,진짜 매일롤만올려줘 ㅠㅠ. 공감하면 비추,UgxzNHboTW4PlykTeB54AaABAg
2025-03-10 00:16:02,ESWBDhJH5cs,지환님 진짜 av 시청하실 때 홀딱 벗고 남자배우가 &#39;찍&#39;하면 같이 &#39;찍&#39; 하시나요?<br>&#39;찍&#39;환님? ㅈㅉㅇㅇ?,UgwIG9IraiPYZK75pVh4AaABAg
2025-03-10 00:16:02,ESWBDhJH5cs,배경이 바껴서그런가 한 5년은 더 늙어보이는건 나뿐임?,UgyRA9UFImsRrrsappV4AaABAg
2025-03-10 00:16:02,ESWBDhJH5cs,"썸넬 <a href=""https://www.youtube.com/watch?v=ESWBDhJH5cs&amp;t=422"">7:02</a>",UgwPa9t-p27_YUVmBSV4AaABAg
2025-03-10 00:16:02,ESWBDhJH5cs,"<a href=""https://www.youtube.com/watch?v=ESWBDhJH5cs&amp;t=420"">7:00</a> ㅆㄴㅇ",UgwF5sWTCEeh3fHFrYV4AaABAg
2025-03-10 00:16:02,ESWBDhJH5cs,"<a href=""https://www.youtube.com/watch?v=ESWBDhJH5cs&amp;t=69"">1:09</a> 개ㅈ지 탈론 ㄷㄷ",Ugx4vy0trMw_KJyhEnV4AaABAg
2025-03-10 00:16:02,ESWBDhJH5cs,지환이 귀여워❣,UgzcpgMsGRFyfD4RZaJ4AaABAg
2025-03-10 00:16:02,ESWBDhJH5cs,물쥐 이사함?? 거실에서 겜하나,UgzMEAJnpCvjNUfI31J4AaABAg
2025-03-10 00:16:02,ESWBDhJH5cs,롤 영상 야미~,Ugx8B1aU4YZhzqEuPRZ4AaABAg
2025-03-10 00:16:02,ESWBDhJH5cs,권실하게 살아,UgyE-2FthZtOWOapbwB4AaABAg
2025-03-10 00:16:02,ESWBDhJH5cs,물쥐형 좀보이드 해줘 그게제일 재미있어 ㅋㅋㅋㅋㅋㅋㅋㅋㅋㅋㅋㅋㅋㅋㅋㅋㅋㅋㅋㅋㅋㅋㅋㅋㅋㅋㅋㅋㅋ,Ugx173qBaIh5pHZ0cQJ4AaABAg
2025-03-10 00:16:02,ESWBDhJH5cs,"<a href=""https://www.youtube.com/watch?v=ESWBDhJH5cs&amp;t=327"">5:27</a> 쥐르가즘 ㄷㄷ",Ugyr3BYfIi76JQh0xLZ4AaABAg
2025-03-10 00:16:02,ESWBDhJH5cs,베댓 되고 싶습니다. 한 만 하게 해주십쇼,Ugzg4RKtGvBa31acGnB4AaABAg
2025-03-10 00:16:02,ESWBDhJH5cs,롤 하니깐 안 행복해보인다.,UgysSXrtTFxLH4SPScd4AaABAg
2025-03-10 00:16:02,ESWBDhJH5cs,안경 자동차창문에서 가져왔나요,UgySWXMqhyi0iHPRFwN4AaABAg
2025-03-10 00:16:02,ESWBDhJH5cs,밥 다 먹으니까 올라오네😢,Ugw9HkmBrHXRCpd_W8B4AaABAg
2025-03-10 00:16:02,ESWBDhJH5cs,고맙다 영상 없는날에는 너무 무력하다 하루가,Ugyl4aGAXiILJt8pfvJ4AaABAg
2025-03-10 00:16:02,ESWBDhJH5cs,배불뚝이 올려라 정신없는 물쥐좀 보게,Ugz48BD6WsOa-r44UIl4AaABAg
2025-03-10 00:16:02,ESWBDhJH5cs,영상 업로드 속도 ㅇㄱ ㅈㅉㅇㅇ?,UgxkPXo1Qr5yuRqnYA54AaABAg
2025-03-10 00:16:02,ESWBDhJH5cs,1분전을 어케 참냐고,UgzLHpCwZGkd_8XVnjN4AaABAg
2025-03-10 00:16:02,ESWBDhJH5cs,아...잘먹겠습니다..!!!!,UgxsNnDzXGf55zomrRR4AaABAg
2025-03-10 00:16:02,ESWBDhJH5cs,조회수 없음.,UgxlGcWXA0uSZPOy0fl4AaABAg
2025-03-10 00:16:02,ESWBDhJH5cs,물쥐야 왜 하루하루 얼굴이 안좋아지냐? 누가 협박해서 영상 찍는거 아니지?,Ugyqlpabp-P-J2VYurN4AaABAg
2025-03-10 00:16:02,ESWBDhJH5cs,코물쥐 섹스,UgwkjkwdjRviTaBcZCt4AaABAg
2025-03-10 00:16:02,ESWBDhJH5cs,개학하고 1주일 동안 버티느라 고생했으면 개추 ㅋㅋ,UgxLepOP3L8F0xDU-gh4AaABAg
2025-03-10 00:16:02,ESWBDhJH5cs,요즘 롤만 올려서 기모찌한 롤기견들 개추,UgxxMaWAyJOowERzI6t4AaABAg
2025-03-10 00:16:02,ESWBDhJH5cs,윤통 만세!,UgziFgmCKEipY81i2bh4AaABAg
2025-03-10 00:16:02,ESWBDhJH5cs,1빠면 뭐 주냐? 애들 왤케 빠놀이하냐,UgyppSkRQoOVpUZZZo54AaABAg
2025-03-10 00:16:02,ESWBDhJH5cs,지환오빠 기머링 기머링 &gt;&lt;,Ugw-YCgiBfxODOfWZAl4AaABAg
2025-03-10 00:16:02,ESWBDhJH5cs,물쥐 안경 왤케 합성같냐,UgxVWNUqFHuugWIvOgh4AaABAg
2025-03-10 00:16:02,ESWBDhJH5cs,10시 칼같이 올리노ㅋㅋ,UgxRC4Hm8yTem7mPNjF4AaABAg
2025-03-10 00:16:02,ESWBDhJH5cs,비호감형 얼굴,UgzmWfpdxxyW5f-FQ6J4AaABAg
2025-03-10 00:16:02,ESWBDhJH5cs,맛있다,UgzjSXDe4wdJoVFdXsp4AaABAg
2025-03-10 00:16:02,ESWBDhJH5cs,ㅎㅇ,UgwTkIP3iI02wo86n_R4AaABAg
2025-03-10 00:16:02,ESWBDhJH5cs,우흥,UgxaHkwl100vHVyIilJ4AaABAg
2025-03-10 00:16:02,ESWBDhJH5cs,1,Ugw_qUIRV2DaxoTC5-p4AaABAg
2025-03-10 00:16:02,ESWBDhJH5cs,ㅎㅇ,UgzguiJtN3oaHwp9VOx4AaABAg
2025-03-10 00:16:02,ESWBDhJH5cs,개강해도 집에서 유튭만 보네…,UgxyLWAHwux_eB82bsJ4AaABAg
2025-03-10 00:16:02,ESWBDhJH5cs,이잉,Ugxt3F65JXVzyeHyzPl4AaABAg
2025-03-10 00:16:02,ESWBDhJH5cs,.,Ugzp7LBwo-rijuaF6454AaABAg
2025-03-10 00:16:02,ESWBDhJH5cs,3빠,UgyIt95L4Z-W-SPOFeB4AaABAg
2025-03-10 00:16:02,ESWBDhJH5cs,코물쥐 화이팅,UgwK25J5bAvenOn7x2h4AaABAg
2025-03-10 00:16:02,ESWBDhJH5cs,1,UgxK-3sWGRCOPn9R2tV4AaABAg
2025-03-10 00:16:02,ESWBDhJH5cs,1,UgxwxQYNkFZ2t1OftMp4AaABAg
2025-03-10 00:16:02,ESWBDhJH5cs,1,Ugz8msqv-FdhEAnJsaN4AaABAg
2025-03-10 00:16:02,ESWBDhJH5cs,1,Ugxrui6iNGZa-coPZsp4AaABAg
2025-03-10 00:16:02,ESWBDhJH5cs,ㅋㅋㅋㅋㅋㅋ,UgylssXFhE7Y2RYNPKF4AaABAg
2025-03-10 00:16:02,ESWBDhJH5cs,1빠,Ugwo_Tj5lNYmRpkM0Ux4AaABAg
2025-03-10 00:16:03,69IMw37B_8I,물쥐형 저 내일 군대가요….. 제가 이런 댓글 쓰는 날이 올지 몰랐는데 그동안 재밌게 잘 보고 가서 한마디 남겨봅니다… 흐에!!!,UgxqpVzBcz8BxgLtGkZ4AaABAg
2025-03-10 00:16:03,69IMw37B_8I,"<a href=""https://www.youtube.com/watch?v=69IMw37B_8I&amp;t=34"">0:34</a> 빨아들이기<br><a href=""https://www.youtube.com/watch?v=69IMw37B_8I&amp;t=38"">0:38</a> 따흐아앙",UgwGcv1xlNl_RhMfNEt4AaABAg
2025-03-10 00:16:03,69IMw37B_8I,"<a href=""https://www.youtube.com/watch?v=69IMw37B_8I&amp;t=359"">5:59</a> 민주당지지자",UgzdWPH0IkJyR73B_E54AaABAg
2025-03-10 00:16:03,69IMw37B_8I,입대 12시간 전 최고의 선택,Ugyugbtpdb0_5er74St4AaABAg
2025-03-10 00:16:03,69IMw37B_8I,"<a href=""https://www.youtube.com/watch?v=69IMw37B_8I&amp;t=674"">11:14</a> 그 와중에 carm down 이러는 시청자는 뭐냐 ㅋㅋㅋㅋㅋㅋ 가지가지하네",UgxbWzVuJ3oCawDzX654AaABAg
2025-03-10 00:16:03,69IMw37B_8I,바루스판은 롤이 아니야 스타하는거아니냐? 진짜 ㅋㅋ,UgxEpYyzxKLz-IFfIgB4AaABAg
2025-03-10 00:16:03,69IMw37B_8I,"<a href=""https://www.youtube.com/watch?v=69IMw37B_8I&amp;t=160"">2:40</a> 진짜 쓰레기같네",Ugw1EqzU9jBaaINzXvV4AaABAg
2025-03-10 00:16:03,69IMw37B_8I,Cam down ㄹㅈㄷ네,Ugx7m2JMz_VsWJQ-bTx4AaABAg
2025-03-10 00:16:03,69IMw37B_8I,옵젝때마다 풀캠도는 정글 마빵에 진짜 존나많음 헤카림판 보니까 화나노,UgzrZMYG6zA6en9_wE94AaABAg
2025-03-10 00:16:03,69IMw37B_8I,"물쥐야,,, 볼지 모르겠지만 하오골 없어지고 접은 중국이리 유저인데 요새 너 영상 보면서 다시 중국이리 해볼까 고민중이다,,, 내가 그래도 한때 북가좌동매드라이프 소리 들으면서 프로지망이었는데,,, 요새 너 영상 보고 마음이 다시 불탄다,,,",UgwF93RnTqLyjxXYuJl4AaABAg
2025-03-10 00:16:03,69IMw37B_8I,"자기야 더 세게 갈게 <a href=""https://www.youtube.com/watch?v=69IMw37B_8I&amp;t=39"">0:39</a>",UgwxgqmlHiLD_4m2uKl4AaABAg
2025-03-10 00:16:03,69IMw37B_8I,잉~~~~기모리~~,Ugw7hXW3a3IaOop3H0R4AaABAg
2025-03-10 00:16:03,69IMw37B_8I,5일이 평일이라는 생각을 하니깐 머리가 아프다,UgwVR2PPhNWjDUZr-fZ4AaABAg
2025-03-10 00:16:03,69IMw37B_8I,그마원딜이랑 에메랄드랑 다를게없냐,UgydjmlOIYIYjbyujZt4AaABAg
2025-03-10 00:16:03,69IMw37B_8I,아타칸은 물쥐판단이 아쉽네 마이 들가는데 엇갈렸네,UgzgUIgIV5r9D1aVTcF4AaABAg
2025-03-10 00:16:03,69IMw37B_8I,즐겜유저가 됐네 그만 놓아줘야겠다 간절함이 없어졌어,UgyaXkfHupzMnWWy8gx4AaABAg
2025-03-10 00:16:03,69IMw37B_8I,내로남불 병씬새끼 아타칸을 왜 딜 쳐하지😊,UgwB5HWLFWL4CanYJR94AaABAg
2025-03-10 00:16:03,69IMw37B_8I,요즘 롤 안해서 그러는데 박치기만으로 마스터 찍는건가? 아니면 마스터까지 가니까 뇌를 비우고 하는건가 궁금하네,UgyQopT4BbjozIg6Ie54AaABAg
2025-03-10 00:16:03,69IMw37B_8I,고졸이슈 진짜 얼굴화끈해지네 ㅋㅋ,UgyT0zYRwmooL-1P0xd4AaABAg
2025-03-10 00:16:03,69IMw37B_8I,ㅁㅊ새끼 ㅋㅋㅋㅋ ㅈㄴ 잘하네.,Ugxixb1gcmSPR1ngkR94AaABAg
2025-03-10 00:16:03,69IMw37B_8I,아 출근,UgzUwy2FJctF3NVwwIF4AaABAg
2025-03-10 00:16:03,69IMw37B_8I,"<a href=""https://www.youtube.com/watch?v=69IMw37B_8I&amp;t=705"">11:45</a> cam down 실현",Ugw8CO9Vj0C0w0YuioF4AaABAg
2025-03-10 00:16:03,69IMw37B_8I,"<a href=""https://www.youtube.com/watch?v=69IMw37B_8I&amp;t=881"">14:41</a> 미니언 박기",UgwjOWX2Kw64dFEZ0IB4AaABAg
2025-03-10 00:16:03,69IMw37B_8I,배경 너무 어색하네,UgwrVX-bgoEk0s1breF4AaABAg
2025-03-10 00:16:03,69IMw37B_8I,윤서야 보고싶다 배댓한번 가고 싶은데 어떻게 해요,UgxhqmNBTrBlhsF53R54AaABAg
2025-03-10 00:16:03,69IMw37B_8I,욕설 편집 굿,UgwoD_PWjMKAUBLgTJJ4AaABAg
2025-03-10 00:16:03,69IMw37B_8I,괴물지 이사함?,UgzgO32kJackJUl0DGp4AaABAg
2025-03-10 00:16:03,69IMw37B_8I,괴물쥐님 왜 화장실에서 게임함?,UgwtzOL4BWj2kimw3pl4AaABAg
2025-03-10 00:16:03,69IMw37B_8I,롤영상 올라와서 너무 좋다,UgyH4dN4Gt0Jvsy9loF4AaABAg
2025-03-10 00:16:03,69IMw37B_8I,행님 롤 하시는 모습 보니까 기분 좋습니다 ㅎㅎ,UgxRSvUCMmu3F8HxH4t4AaABAg
2025-03-10 00:16:03,69IMw37B_8I,내일 학교 가야 되는데 물쥐 영상 보고 있으면 개추 ㅋㅋ,UgzQz8t_r2A9T-9qHD14AaABAg
2025-03-10 00:16:03,69IMw37B_8I,군입대 14시간전 최고의선택....,Ugzc703gVFtBfxq1zBV4AaABAg
2025-03-10 00:16:03,69IMw37B_8I,첫판이즈 스킨 크로마인가요??,UgxfmY9Bdc43bE5AUGt4AaABAg
2025-03-10 00:16:03,69IMw37B_8I,파카이즈보다 보니까 파카가더잘하노.. ㅋㅋ ㅋㅋㅋㅋ,UgzgY3ZQGX_YGikE3Rt4AaABAg
2025-03-10 00:16:03,69IMw37B_8I,"<a href=""https://www.youtube.com/watch?v=69IMw37B_8I&amp;t=148"">2:28</a> 여기서부터 10초동안 진짜 개못하네 ㅋㅋㅋㅋㅋㅋ",Ugw-d_CcVS2FqaxrJMZ4AaABAg
2025-03-10 00:16:03,69IMw37B_8I,"<a href=""https://www.youtube.com/watch?v=69IMw37B_8I&amp;t=674"">11:14</a> carm은ㅋㅋㅋㅋㅋ 그 스트리머에 그 시청자네",UgwTpGtNLjC-qFgPu-V4AaABAg
2025-03-10 00:16:03,69IMw37B_8I,전판들은 잘하긴 해도 서폿들이 떠먹여주는 느낌인데 막판 바루스는 진짜 예술이네,Ugw5X7XhoInlzr2laOF4AaABAg
2025-03-10 00:16:03,69IMw37B_8I,공겜85,Ugw7gRNpD1W0Op4mJWJ4AaABAg
2025-03-10 00:16:03,69IMw37B_8I,물지 혹시 노가리 같은건 이제 전혀 안올리나요 이사한거같은데 썰같은거도 있을테구 아쉽네 노가리가 제일 재밌던데,Ugz3TtWwlHlFrKIJuWp4AaABAg
2025-03-10 00:16:03,69IMw37B_8I,물쥐 어디 화장실에서 방송하냐?,Ugz92BSbnMCakB_hrOJ4AaABAg
2025-03-10 00:16:03,69IMw37B_8I,왜 주방에서 방송하냐,UgzT1lYBWU6_1TNsaOV4AaABAg
2025-03-10 00:16:03,69IMw37B_8I,"<a href=""https://www.youtube.com/watch?v=69IMw37B_8I&amp;t=467"">7:47</a> 오빠 이렇게하면 좋아?",UgyuO6bIsiyBKxZCz5l4AaABAg
2025-03-10 00:16:03,69IMw37B_8I,밥 좋다,UgzzfEpoaYEQ7X1jbeh4AaABAg
2025-03-10 00:16:03,69IMw37B_8I,이제 겜 캐릭터로 뜨고 아이디 안떠서 디도스 박멸된거임? ㅋㅋㅋㅋ,UgxAPyIkKogd8BcH-kZ4AaABAg
2025-03-10 00:16:03,69IMw37B_8I,요즘 슴슴하니 맛있어요,Ugxj3nf9R8eORUzGEQB4AaABAg
2025-03-10 00:16:03,69IMw37B_8I,Cam down ㅅㅂ ㅋㄴㅋㅋㅋㅋㅋㅋㅋㅋㅋㅋㅋㅋㅋㅋ,UgwcfBvds5BB2PqbjFN4AaABAg
2025-03-10 00:16:03,69IMw37B_8I,1빠다이샛기들아,Ugzna5_l9WIL6yUakh94AaABAg
2025-03-10 00:16:03,69IMw37B_8I,물쥐 안경 왜이리 cg같노 도쌤 선글라스같네,UgxpPGG_InCi24ElIVR4AaABAg
2025-03-10 00:16:03,69IMw37B_8I,"<a href=""https://www.youtube.com/watch?v=69IMw37B_8I&amp;t=683"">11:23</a> 지고 팀탓하는 사람은 봤어도 맞라이너를 까내리네ㅋㅋㅋㅋ<br>지가 캐리못해서 졌다고 광고하는거 아님?",UgxbfRGCRXslG4XoH-h4AaABAg
2025-03-10 00:16:03,69IMw37B_8I,물지님 cum down!,UgyYdevXFsmr4xqWMpd4AaABAg
2025-03-10 00:16:03,69IMw37B_8I,"<a href=""https://www.youtube.com/watch?v=69IMw37B_8I&amp;t=626"">10:26</a><br>둔화 풀림으로 인한 요우무 정상화<br>+ 신속신의 높은 디폴트 이속",UgxRN3GcMVtGkk5Ct_l4AaABAg
2025-03-10 00:16:03,69IMw37B_8I,욕 좀 더 해주세요 알람 소리로 잘 쓰고 있습니다,UgxIz2Q3za9WhtGcz0F4AaABAg
2025-03-10 00:16:03,69IMw37B_8I,캠다운 ㅋㅋ,Ugyf-9GRUPBuXbhtgN54AaABAg
2025-03-10 00:16:03,69IMw37B_8I,cam down ㅅ발 ㅋㅋㅋㅋ,Ugy8HoTbGVYZW4fkAYN4AaABAg
2025-03-10 00:16:03,69IMw37B_8I,근데 왜 요즘은 롤체 안함 ㅠ,UgxwB4rC-8OpAkVks3B4AaABAg
2025-03-10 00:16:03,69IMw37B_8I,다1빙까지 얼마 안 남았구나 역시 우리가 알던 괴물쥐는 다1빙이지,UgyMwNzSBrcQe0RkZ2B4AaABAg
2025-03-10 00:16:03,69IMw37B_8I,오늘 영상 혹시 어제 영상이랑 같은 날에 방송 하신건가요? 점수에 변함이 없네,UgwD_AVrUPfCXee4yGV4AaABAg
2025-03-10 00:16:03,69IMw37B_8I,오랜만에 쥐팤랄나왔네 너만오면돼 도,UgyGLvFarNPs9wZZCkt4AaABAg
2025-03-10 00:16:03,69IMw37B_8I,"오빠 거긴 안돼 🥵🥵 <a href=""https://www.youtube.com/watch?v=69IMw37B_8I&amp;t=359"">5:59</a>",Ugy7h_adjcfpwqAuVPN4AaABAg
2025-03-10 00:16:03,69IMw37B_8I,cam down 이후에 채팅창에 carm이 ㅈㄴ 웃기네 ㅋㅋㅋㅋ,UgzCJslEnL8aP-J66Jp4AaABAg
2025-03-10 00:16:03,69IMw37B_8I,아 행복해 자기전 영상 좋아요~,UgwbSl-lTXzWXm1RiqJ4AaABAg
2025-03-10 00:16:03,69IMw37B_8I,아 낼 학교 ㅈㄴ귀찮다,Ugxd6evJ7RPVVySceQh4AaABAg
2025-03-10 00:16:03,69IMw37B_8I,마땅한 드립이 생각나지 않으면 개추,Ugx8N3KOM9Ux9nbHrwV4AaABAg
2025-03-10 00:16:03,69IMw37B_8I,"<a href=""https://www.youtube.com/watch?v=69IMw37B_8I&amp;t=900"">15:00</a> ㅋㅋㅋㅋㅋㅋㅋㅋㅋㅋㅋㅋㅋㅋㅋㅋㅋㅋㅋㅋㅋㅋㅋㅋㅋㅋㅋㅋㅋ",UgwQf1w8Kqv_WY9qb3Z4AaABAg
2025-03-10 00:16:03,69IMw37B_8I,cam down 이란 단어는 살면서 첨보네,UgyWB6oYCn6HJPvZWQV4AaABAg
2025-03-10 00:16:03,69IMw37B_8I,나왔다 내 마약,Ugw6HAyIAhoVupBXWcN4AaABAg
2025-03-10 00:16:03,69IMw37B_8I,2배속하고 보니까 ㅈ나 웃기네 ㅋㅋㅋ,Ugzsrr2nbvB7ZmI8rjJ4AaABAg
2025-03-10 00:16:03,69IMw37B_8I,지는판도좀올려라,UgwD8DQDXB0zkBNlTux4AaABAg
2025-03-10 00:16:03,69IMw37B_8I,"<a href=""https://www.youtube.com/watch?v=69IMw37B_8I&amp;t=674"">11:14</a> 그와중에 채팅창 carm보고 경악을 금치 못했다",UgyQdgKX0GRG8sRznvJ4AaABAg
2025-03-10 00:16:03,69IMw37B_8I,"장지환 훈련병! 전방에 힘찬 함성 발사!<br><br><br>???: <a href=""https://www.youtube.com/watch?v=69IMw37B_8I&amp;t=42"">0:42</a>",UgyrAF4xSM_yIWP2wOx4AaABAg
2025-03-10 00:16:03,69IMw37B_8I,"<a href=""https://www.youtube.com/watch?v=69IMw37B_8I&amp;t=414"">6:54</a> 제라스 팬이라고 하는데 신경도 안쓰니까 우네 ㅋㅋㅋㅋ",UgzafzkL37xaJ10qwwR4AaABAg
2025-03-10 00:16:03,69IMw37B_8I,캠다운 ㅅㅂㅋㅋㅋㅋㅋㅋㅋㅋㅋㅋ,UgwcBSu25_fRzDcl69x4AaABAg
2025-03-10 00:16:03,69IMw37B_8I,좋아요 누르면 괴물쥐 탈모생김 콧ㅅ구멍은 맨홀뚜겅만해짐 ㅇㅇ,UgwfvbvTm7LTW_EpY9t4AaABAg
2025-03-10 00:16:03,69IMw37B_8I,진짜 이즈 스킬샷은 골드급인거 여전하네ㅋㅋ,Ugxd7XzVZUueumzmQMh4AaABAg
2025-03-10 00:16:03,69IMw37B_8I,cam down ㅋㅋㅋㅋㅋㅋㅋㅋㅋㅋㅋㅋㅋㅋㅋㅋㅋㅋㅋㅋㅋㅋㅋ,UgxZHEFzFSZNwfL0LTZ4AaABAg
2025-03-10 00:16:03,69IMw37B_8I,이즈 타워에 w 딜안들어가는거 아시나요 물쥐님? ㅠㅠ,UgzGchR4JMILcIF3Bj14AaABAg
2025-03-10 00:16:03,69IMw37B_8I,왜 화장실에서 방송하나요?,UgwSOsvfTi5JvZ9L1NZ4AaABAg
2025-03-10 00:16:03,69IMw37B_8I,낼 월욜이라 개 ㅈ같으면 개추,UgzULCJQkacbo-NiYE14AaABAg
2025-03-10 00:16:03,69IMw37B_8I,이분 왜 화장실에서 방송하시나요?,UgyKuqInbkm9hXr4ja14AaABAg
2025-03-10 00:16:03,69IMw37B_8I,이분 근데 왜 목욕탕에서 방송하시나요 저 뒤에 하얀거 목욕탕 의자 아님?,Ugyp5Jqdb32hoz1H5w14AaABAg
2025-03-10 00:16:03,69IMw37B_8I,방송 옛날이랑 다르게 침착해졌네 욕도 안쓰고 혼자 떠드는 느낌,UgxKTIisA6aXK5bjxhh4AaABAg
2025-03-10 00:16:03,69IMw37B_8I,물쥐야 너는 롤할때 제일 멋있어,UgxKhx3XdkZlbjGLQMt4AaABAg
2025-03-10 00:16:03,69IMw37B_8I,서폿 정글유저들은 자기티어보다 2단계 밑에서 매칭되어야함 ㅈㄴ 수준이 낮음 ㅋㅋ,UgwDX6VlmqwF4e2iLU54AaABAg
2025-03-10 00:16:03,69IMw37B_8I,"<a href=""https://www.youtube.com/watch?v=69IMw37B_8I&amp;t=665"">11:05</a> 캠다운 이카노 ㅋㅋㅋㅋ 캠끌사람 지밖에없는데",UgyPY9XmBHUDo5HP67t4AaABAg
2025-03-10 00:16:03,69IMw37B_8I,내일 입대를 앞뒀습니다.. 배뎃 한번만 되게 해주세요 🥲🫡,UgztHC-G8Lj24_XQ_BZ4AaABAg
2025-03-10 00:16:03,69IMw37B_8I,영상 많이 올려서 너무 좋은데?,UgzetYIaKh6cG0vJ0Cx4AaABAg
2025-03-10 00:16:03,69IMw37B_8I,"<a href=""https://www.youtube.com/watch?v=69IMw37B_8I&amp;t=359"">5:59</a> 찢물쥐",Ugyic-kmlbkpLfnpuCp4AaABAg
2025-03-10 00:16:03,69IMw37B_8I,물쥐 안경 바꾼뒤로 조금 잘생겨진거 같은데 나만 그러냐??,Ugx1UqknAiQvev8BN4d4AaABAg
2025-03-10 00:16:03,69IMw37B_8I,요새 힘든일 있었어? 좀더늙었네ㅜ,UgxK3xiuKDfHmkMn9oh4AaABAg
2025-03-10 00:16:03,69IMw37B_8I,썸네일 심사하는건가요,UgyDMGEcc7rIExRZfdt4AaABAg
2025-03-10 00:16:03,69IMw37B_8I,Cam down 실화냐 ㅋㅋㅋㅋ,UgzYuphryef_bHOBVBh4AaABAg
2025-03-10 00:16:03,69IMw37B_8I,이사람 이사했음??,Ugx6Jz7Fs0b_E-dsPRl4AaABAg
2025-03-10 00:16:03,69IMw37B_8I,도파야 이제 너 차례야 팤 랄 쥐 다 봤다,Ugwxg75o51vMf3migYN4AaABAg
2025-03-10 00:16:03,69IMw37B_8I,기뭐링,UgzrjQcBSg2X38EDokJ4AaABAg
2025-03-10 00:16:03,69IMw37B_8I,"<a href=""https://www.youtube.com/watch?v=69IMw37B_8I&amp;t=319"">5:19</a> 개잘해",UgyIeIcES1uXhrIF6tx4AaABAg
2025-03-10 00:16:03,69IMw37B_8I,마지막 주말.. 달콤한 안주..,UgwakIHd_eWYUUxvOAx4AaABAg
2025-03-10 00:16:03,69IMw37B_8I,Cam down ㅋㅋㅋㅋ,UgylpLunn4rAhBPGF6R4AaABAg
2025-03-10 00:16:03,69IMw37B_8I,물지 이사감?,UgyhCyjmtp-0xnOoRWJ4AaABAg
2025-03-10 00:16:03,69IMw37B_8I,아 재미있네 오늘(아직 안 봄),UgzT7JMW9o0LzPkAgl54AaABAg
2025-03-10 00:16:03,69IMw37B_8I,이사 기념 물쥐의 삶 3탄 가자,UgyvxDV58ItTu_aJr0F4AaABAg
2025-03-10 00:16:03,69IMw37B_8I,자기 전에 잘 볼게 물쥐야❤,Ugxk6oiiL3bE-hvKXK94AaABAg
2025-03-10 00:16:03,69IMw37B_8I,요즘 일 잘한다 물쥐야ㅋㅋ,UgyQGwPUxSa9QMjnv9N4AaABAg
2025-03-10 00:16:03,69IMw37B_8I,다들 주말 마지막을 즐기며 또 일주일을 이겨내봅시다,UgzWcZzxJesN8_Y569h4AaABAg
2025-03-10 00:16:03,69IMw37B_8I,"<a href=""https://www.youtube.com/watch?v=69IMw37B_8I&amp;t=676"">11:16</a>  뭐야 괴물쥐 영어 왤케 잘해??",UgzqjBR10IF32Mf9Fwd4AaABAg
2025-03-10 00:16:03,69IMw37B_8I,요즘은 디도스 없나?,UgzBBFwtsO8K_4i4K514AaABAg
2025-03-10 00:16:03,69IMw37B_8I,“월요일 전 최고의 선택”,Ugy1747WNazc4bLH3zl4AaABAg
2025-03-10 00:16:03,69IMw37B_8I,"<a href=""https://www.youtube.com/watch?v=69IMw37B_8I&amp;t=645"">10:45</a> 와 쥐순이 미모 미쳤네",Ugz9GVyKGhPmu1cC-kN4AaABAg
2025-03-10 00:16:03,69IMw37B_8I,욕 끊기는거 개웃기네,UgydugP_mokEHW2FG5B4AaABAg
2025-03-10 00:16:03,69IMw37B_8I,하 롤 너무조아 미치겠어 ...날좀 냅둬,UgzuucQzsH0QgCY5THd4AaABAg
2025-03-10 00:16:03,69IMw37B_8I,요즘은 디도스 없나요??~?~?~ 롤 자주 올라오네요~?,Ugwd4Ftki_pHI23NEtp4AaABAg
2025-03-10 00:16:03,69IMw37B_8I,윤각하님이 내려오셨다가 다시 올라오긴 하셨지,UgyAvmDh2Rm3xZGpr-94AaABAg
2025-03-10 00:16:03,69IMw37B_8I,최윤성 보고있으면 돈내놔라,Ugx12rDefn6XprTObep4AaABAg
2025-03-10 00:16:03,69IMw37B_8I,쥐이루~,UgwZ_hBMWuZOPcSbkfR4AaABAg
2025-03-10 00:16:03,69IMw37B_8I,썸네일보는재미가있었는데 아쉽네,UgxWjd0Fv_ACIFRx0e14AaABAg
2025-03-10 00:16:03,69IMw37B_8I,근데 왜 괴물쥐 잘생겨짐?,UgxVBanKLlSZmINEOOZ4AaABAg
2025-03-10 00:16:03,69IMw37B_8I,빨리빨리하자 자야되니까,Ugz_Ek7-siL0n3HmSSB4AaABAg
2025-03-10 00:16:03,69IMw37B_8I,미드에서내려온 불청객이하는 말~,UgwNJ6gDZwaiky3-oMt4AaABAg
2025-03-10 00:16:03,69IMw37B_8I,물쥐 롤 다시 시작하니까 표정이 표독해졌네,Ugyhc6jHbCSCyYSIeOd4AaABAg
2025-03-10 00:16:03,69IMw37B_8I,학교가기전 취고의 선택.,UgxTizuLFtLpIYfZBP94AaABAg
2025-03-10 00:16:03,69IMw37B_8I,안경 다시 바꿔줘…,Ugy_p-AU-C-ZdCkbT0d4AaABAg
2025-03-10 00:16:03,69IMw37B_8I,아 물쥐한테 뽀뽀갈기고싶네 진짜,UgxtetOvL3-I2ZVnpAp4AaABAg
2025-03-10 00:16:03,69IMw37B_8I,오늘영상도 열심히 복습하겠습니다.,Ugxzli1_w-8O67Q_YDF4AaABAg
2025-03-10 00:16:03,69IMw37B_8I,일요일 늦은밤 자기전 최고의 선택 너로정했다,UgwA_cn2SagiyhsJAC54AaABAg
2025-03-10 00:16:03,69IMw37B_8I,"<a href=""https://www.youtube.com/watch?v=69IMw37B_8I&amp;t=35"">0:35</a> 이건 ㄹㅇ 쌌는데?",UgwSVCruH5Vj9E2JviR4AaABAg
2025-03-10 00:16:03,69IMw37B_8I,기모힝,UgwplVfkLkdb8tU3_AV4AaABAg
2025-03-10 00:16:03,69IMw37B_8I,흐엣!!!,Ugx0hK85InmjyPSFe9t4AaABAg
2025-03-10 00:16:03,69IMw37B_8I,캬 드디어 롤의 시대노 ㅋㅋ,Ugzp3u4VogE3KVsdh5F4AaABAg
2025-03-10 00:16:03,69IMw37B_8I,그냥 뛰어옴,Ugz6eUlD_5nNoD9IgsF4AaABAg
2025-03-10 00:16:03,69IMw37B_8I,취침전 최고의 선택 . 잉 기모링 ~,UgzBjbf2-QYuqWwW1rR4AaABAg
2025-03-10 00:16:03,69IMw37B_8I,개못함 쥐,Ugzs1xExNgfLG0_rM0N4AaABAg
2025-03-10 00:16:03,69IMw37B_8I,“롤체에서 내려온 불청객.”,UgxZMDi9TTjPuCDvI4t4AaABAg
2025-03-10 00:16:03,69IMw37B_8I,캠 배경 머야 ㅋㅋㅋ,Ugx427wVdwzwfx60pS54AaABAg
2025-03-10 00:16:03,69IMw37B_8I,와 치킨 오자마자 영상 올라오네ㅋㅋ ㄴㅇㅅ,UgxKAy_1b_rZdjswEQt4AaABAg
2025-03-10 00:16:03,69IMw37B_8I,“그마에서 내려온 불청객.“,Ugxln0f6jYUdt-FNob14AaABAg
2025-03-10 00:16:03,69IMw37B_8I,1분 전 맛있다 기모링,Ugwx9UfKBPMzjgDVia14AaABAg
2025-03-10 00:16:03,69IMw37B_8I,괴물쥐 집 이사함?,Ugw2J7ney1Sq3FcDwhV4AaABAg
2025-03-10 00:16:03,69IMw37B_8I,꼭꼭 씹어먹겠습니다~,UgymHo2XTVcFIo6s0_J4AaABAg
2025-03-10 00:16:03,69IMw37B_8I,월요병을 달래줄 내 야식 왔구나❤,UgzsQsPwnBm-3sequaR4AaABAg
2025-03-10 00:16:03,69IMw37B_8I,물쥐님 요새 디도스범 안오나요?<br>아시는분 있나요 ?,UgyXbLioDSIhlFYI3nB4AaABAg
2025-03-10 00:16:03,69IMw37B_8I,아 회사가기싫다,UgzLLpvKpxuJgcYI-nF4AaABAg
2025-03-10 00:16:03,69IMw37B_8I,조회 1은 귀하다,Ugzhuszh41qlLMFwjiZ4AaABAg
2025-03-10 00:16:03,69IMw37B_8I,ㅎㅇ,UgwzO1bToEEohQaD_Ex4AaABAg
2025-03-10 00:16:03,69IMw37B_8I,요즘 롤 영상 많이 올라와서 기분 좋으면 개추ㅋㅋ,UgzhOLulHc_JxhLbSRB4AaABAg
2025-03-10 00:16:03,69IMw37B_8I,학교 가기싫다.,UgwiZrJUD4QCk6PsM7p4AaABAg
2025-03-10 00:16:03,69IMw37B_8I,물쥐야 사랑해,Ugyy60jaIRKSvm3L64B4AaABAg
2025-03-10 00:16:03,69IMw37B_8I,츄릅 46초전 맛있다 물쥐야❤,Ugwb4FgxxQV6f_gxx6p4AaABAg
2025-03-10 00:16:03,69IMw37B_8I,3,UgwKDCDp_xLXb5-9qxB4AaABAg
2025-03-10 00:16:03,69IMw37B_8I,ㅈㄴ 재밌네 이번영상,Ugwz710jnK7rxKiciid4AaABAg
2025-03-10 00:16:03,69IMw37B_8I,헥헥 괴 물 쥐❤,Ugx93M6VlCzT9LHRh-x4AaABAg
2025-03-10 00:16:03,69IMw37B_8I,모야,UgzBjnj3QRDc0UFIBMZ4AaABAg
2025-03-10 00:16:03,69IMw37B_8I,1빠,Ugwxrqk8jIIB1T8cZAx4AaABAg
2025-03-10 00:16:03,69IMw37B_8I,배댓해줘,UgywDI1xND5v1ODiSGx4AaABAg
2025-03-10 00:16:03,69IMw37B_8I,물쥐 안경 언제바꿈?,UgwTrqi8fX0yzW_m-BR4AaABAg
2025-03-10 00:16:03,69IMw37B_8I,알림떠서 들어온거 물쥐가 처음이다,Ugy_hLLpMnjiZgKd86Z4AaABAg
2025-03-10 00:16:03,69IMw37B_8I,케뤼,UgxS6BSbGfMQ57SoqH94AaABAg
2025-03-10 00:16:03,69IMw37B_8I,석방되는 속도로 달려왔슴니다,UgzBnf06_aVz6-dbLYR4AaABAg
2025-03-10 00:16:03,69IMw37B_8I,1빠,UgyK54Pg_J2Hq0261cB4AaABAg
2025-03-10 00:16:03,69IMw37B_8I,사랑해 물쥐형,UgxiNP0qdXWHhmdoJxJ4AaABAg
2025-03-10 00:16:03,69IMw37B_8I,1,UgwQFDkq_5SgNjMHNBR4AaABAg
2025-03-10 00:16:03,69IMw37B_8I,1빠인가...베댓 해보고싶습니다 형님덜..,UgyUv4tvO9rJ7-FobKB4AaABAg
2025-03-10 00:16:03,69IMw37B_8I,1빠 오늘 영상 ㅈㄴ 재밌다(아직안봄),UgxEAw7JcA7qXGnzduF4AaABAg
2025-03-10 00:16:03,69IMw37B_8I,컄ㅋㅋㅋㅋㅋㅋㅋㅋㅋ,Ugx0QNJo3R0xK5wZu114AaABAg
2025-03-10 00:16:03,69IMw37B_8I,와 편집 쥰내 빠르네,Ugxkq5k9GO4pP_5Okwt4AaABAg
2025-03-10 00:16:03,69IMw37B_8I,7초전 쥐환아 오문창 먹고 싶다..,UgwcsTnubo7DW5Fnn3J4AaABAg
2025-03-10 00:16:03,69IMw37B_8I,1,UgzL9aTmwHqR9SPdRg54AaABAg
2025-03-10 00:16:03,69IMw37B_8I,8초전 못참지,UgxyFXM5KuydsUNfd4x4AaABAg
2025-03-10 00:16:03,69IMw37B_8I,1빠 8초전이네,UgyBXbPtZ50QmxgUFhd4AaABAg
2025-03-10 00:16:03,69IMw37B_8I,1빠,UgyGRIFBntxqEyc9hOZ4AaABAg
2025-03-10 00:16:03,69IMw37B_8I,안녕물쥐야 9초전이네,Ugyy0U66n7hVPU8iAy14AaABAg
2025-03-10 00:16:04,65ePiBfLVt8,머리는 오대오 카르마임...? 50대노인네 스탈이네,UgyV3EpDTpRCDobzRJx4AaABAg
2025-03-10 00:16:04,65ePiBfLVt8,화장실임?,UgxWhfpoY6J0RryPJZt4AaABAg
2025-03-10 00:16:04,65ePiBfLVt8,이사하신건가요?,UgzCXGq8rh5Lkb5Jnll4AaABAg
2025-03-10 00:16:04,65ePiBfLVt8,리신같은애는 진짜 티어어케 찍은거임?ㅋㅋㅋ,UgzjSo58ZFGldGPj9FZ4AaABAg
2025-03-10 00:16:04,65ePiBfLVt8,쥐환님의 서울 방문을 추억 소환하는 장면을 연출했습니다.,UgzTwv_dhF4e_YHMp394AaABAg
2025-03-10 00:16:04,65ePiBfLVt8,솔직히 지환이 콧구멍에 내 아랫도리 들어갈듯,UgzFiB_7f-TYSa9giXN4AaABAg
2025-03-10 00:16:04,65ePiBfLVt8,zzzzzㅋㅋㅋㅋㅋㅋㅋㅋㅋㅋㅋㅋㅋㅋㅋㅋ 마지막 찐텐 ti발 ㅋㅋㅋㅋㅋ,UgymkfDQ8XZJTqnhObB4AaABAg
2025-03-10 00:16:04,65ePiBfLVt8,이사햇네물쥐,Ugxc2q7Gq-xLpQTW5Dh4AaABAg
2025-03-10 00:16:04,65ePiBfLVt8,레벨이 1134네 씨발 ㄷ,Ugw7gfwqpqfjSXEBkrJ4AaABAg
2025-03-10 00:16:04,65ePiBfLVt8,마지막 게임 진짜 개재밌네 ㄹㅈㄷㅋㅋㅋ,UgwAWuOg-HeYrjbUxiR4AaABAg
2025-03-10 00:16:04,65ePiBfLVt8,아니 이섹기 억울해하는게 존나웃기네 ㅋㅋㅋㅋㅋ컨셉이면 ㅇㅈ,UgyhbIcXOjLGzqcjnHZ4AaABAg
2025-03-10 00:16:04,65ePiBfLVt8,"이새키 진짜 조,ㄴ나못한다 ㅋㅋㅋㅋㅋㅋㅋ",UgynEiev85mzEukqgg94AaABAg
2025-03-10 00:16:04,65ePiBfLVt8,인천쥐륙작전 ㄷㄷ,UgzVxcv2Hmp4Eg210Od4AaABAg
2025-03-10 00:16:04,65ePiBfLVt8,게임인기급상승 1위ㄷㄷ,UgxEJ-Z__6T9IRzRc1d4AaABAg
2025-03-10 00:16:04,65ePiBfLVt8,물쥐 오랜만에 봐서 그러는데 왜 화장실에서 게임하나요?,Ugw0cIRBuZbJucaZlTZ4AaABAg
2025-03-10 00:16:04,65ePiBfLVt8,물쥐형 방송실 옮김?,Ugynv5FDQbr-FYH7C8x4AaABAg
2025-03-10 00:16:04,65ePiBfLVt8,섬네일부터 웃기노 ㅋㅋ,UgwvmkB3y8tPkqGbjmV4AaABAg
2025-03-10 00:16:04,65ePiBfLVt8,장@ㅐ라고 한마디했는데 3일 정지먹음 확실히 빡세진 듯??,Ugy1SXQtQV-CyjuhZLl4AaABAg
2025-03-10 00:16:04,65ePiBfLVt8,와 괴물쥐 진짜<br>방송해서 강북 레미안 10억짜리는 ㅈㄴ 부럽가,UgxRBCMIUfeRmyRTe194AaABAg
2025-03-10 00:16:04,65ePiBfLVt8,던파도 올려라,UgzT6lGk3cCGqjAP9Ct4AaABAg
2025-03-10 00:16:04,65ePiBfLVt8,쥐환이형 뭔가 ㅈㄴ 잘생겨졌는데?,UgyOVKfFJLQSf3BBept4AaABAg
2025-03-10 00:16:04,65ePiBfLVt8,찐텐으로 화내는거 오랜만에 보네 ㅋㅋㅋㅋ,UgyR8uIYnYmmSH6WWKp4AaABAg
2025-03-10 00:16:04,65ePiBfLVt8,아 배경 바뀐거 진짜 개에반데? 어색해서 토할거같음;; 가구 벽지 그대로 다시해놔,UgxfsvT3MNSzbbgQGER4AaABAg
2025-03-10 00:16:04,65ePiBfLVt8,배경 왤케 적응이 안되냐 ㅋㅋㅋㅋㅋㅋ,Ugx8q76PxgnjwicJ3Mx4AaABAg
2025-03-10 00:16:04,65ePiBfLVt8,님들 이거 화질사용할 수 없음으로 뜨는데 어떻게 해야해요?<br>(핸드폰으로 보고있음),UgyObiwGOXP_RMUOYOV4AaABAg
2025-03-10 00:16:04,65ePiBfLVt8,근데 물쥐 화장실에서 게임하는거임?,UgwQ9QrrgUPdZ-5T9Ht4AaABAg
2025-03-10 00:16:04,65ePiBfLVt8,요즘 디도스 없나보네요<br>롤 자주올라와서 좋네요,Ugy8LKyCdiVPTo95ibt4AaABAg
2025-03-10 00:16:04,65ePiBfLVt8,막판 실화냐 ㅋㅋㅋ 리신 정체가 뭐임,UgwWIYlthDzo2-OcN_t4AaABAg
2025-03-10 00:16:04,65ePiBfLVt8,"<a href=""https://www.youtube.com/watch?v=65ePiBfLVt8&amp;t=1280"">21:20</a>  암베사랑 잘 큰 카이사,피오라가 세명이서 다굴 치는데 시발 말이 되는건가 ㅋㅋㅋㅋㅋㅋㅋㅋ",UgwEE_IBU8-G7aUJj4p4AaABAg
2025-03-10 00:16:04,65ePiBfLVt8,리신 ㅈㄴ 못하네,UgzroO4gOdlIveiicIl4AaABAg
2025-03-10 00:16:04,65ePiBfLVt8,디도스야 이제 괴물쥐 괴롭히지마라 롤 보니까 행복하네 ㅠ,Ugxlk6_6lPI-BNFz6ol4AaABAg
2025-03-10 00:16:04,65ePiBfLVt8,와 뽑삐 바루스 판 진짜 잘한다..ㄷㄷ,Ugxfcx1i-y6rgPT2e594AaABAg
2025-03-10 00:16:04,65ePiBfLVt8,요새 솔랭 진짜 채팅 안치더라,UgzXLZlYECqCtC7Xw7B4AaABAg
2025-03-10 00:16:04,65ePiBfLVt8,굳.,UgxHW6c9UWt-_AKinf14AaABAg
2025-03-10 00:16:04,65ePiBfLVt8,마지막판 ㄹㅇ개화나네,UgzOUI4M6oVLE2NSgLd4AaABAg
2025-03-10 00:16:04,65ePiBfLVt8,방송한거 역순으로 편집해서 스포된거 개오반데..,UgxSZq1VxwP8z72FPa14AaABAg
2025-03-10 00:16:04,65ePiBfLVt8,음질이랑 배경 좋다 ㅋㅋㅋㅋㅋ 서울가서 다 새로 사셨나보네,Ugyi4XMrdHucmoFno9N4AaABAg
2025-03-10 00:16:04,65ePiBfLVt8,왤캐 사무실에서 겜 하는 거 같냐,UgxtjvxuXuxcAx3Hrz94AaABAg
2025-03-10 00:16:04,65ePiBfLVt8,쥐환이 목욕탕으로 이사했나요?,UgwlyG7K4vuMUp4p1Z94AaABAg
2025-03-10 00:16:04,65ePiBfLVt8,요즘 롤 계속하는거 보니까 어매 뒤진 디도스하는 애들은 이제 안하나봄?,Ugx7XFOUsQxYvd-WffJ4AaABAg
2025-03-10 00:16:04,65ePiBfLVt8,물쥐 집 이상하다 했더니 이사 갔네,UgyVt5stZiZUZpBtMVx4AaABAg
2025-03-10 00:16:04,65ePiBfLVt8,썸네일 ㅋㅋㅋㅋㅋㅋㅋㅋㅋㅋ,UgxKbnTdaPxpWzKCCLx4AaABAg
2025-03-10 00:16:04,65ePiBfLVt8,진판은 ㄹㅇ역겹네 카르마빼고 다,UgxS2QeOKq-FR45qpoN4AaABAg
2025-03-10 00:16:04,65ePiBfLVt8,진자 괴물지 유튭 썸낼만봐도 도파민이 싹도네 이게 행복이지,UgwgyWsDXromPj0NWtF4AaABAg
2025-03-10 00:16:04,65ePiBfLVt8,물쥐님 화장실에서 방송하나요???,UgztqhpapUkvNXYEbud4AaABAg
2025-03-10 00:16:04,65ePiBfLVt8,오늘 맛있네,UgwEXgBo3oy8t1fiZZ14AaABAg
2025-03-10 00:16:04,65ePiBfLVt8,물쥐 이사했음?,UgxTdL19fKSWVP4PsE94AaABAg
2025-03-10 00:16:04,65ePiBfLVt8,완벽한 엔딩이다,Ugxgk0VNPFzeuJ4GbWB4AaABAg
2025-03-10 00:16:04,65ePiBfLVt8,뭐야 이사갔네???,Ugw59ds4lQLm84MJ7SB4AaABAg
2025-03-10 00:16:04,65ePiBfLVt8,마지막판 수준 왜저럼 ㄹㅇ?,Ugzo3V107hS7cXJDuEh4AaABAg
2025-03-10 00:16:04,65ePiBfLVt8,뒷배경 뭐 저렇게 화장실같지? 라고생각했는데 진짜 화장실에서 찍은거였냐.....,UgxjtxGwU5raiJMSzNl4AaABAg
2025-03-10 00:16:04,65ePiBfLVt8,스튜디오에서 방송하는거 같네ㅋㅋ,UgyJmDTt5s4Yfa4wNUF4AaABAg
2025-03-10 00:16:04,65ePiBfLVt8,"<a href=""https://www.youtube.com/watch?v=65ePiBfLVt8&amp;t=1211"">20:11</a>",UgzYV3ROuA5-xNGRqRx4AaABAg
2025-03-10 00:16:04,65ePiBfLVt8,무야 이사했나 물지 영상올려줘!,Ugypo7Zk00jFCB2HHad4AaABAg
2025-03-10 00:16:04,65ePiBfLVt8,왜 화장실에서 방송함?,UgxtG-ahLGkZYzGHj-R4AaABAg
2025-03-10 00:16:04,65ePiBfLVt8,"<a href=""https://www.youtube.com/watch?v=65ePiBfLVt8&amp;t=1183"">19:43</a> ㅅ@발 바론피 500에서 딜중지 머여",UgxWbOb7LkW4E98PEjh4AaABAg
2025-03-10 00:16:04,65ePiBfLVt8,주방임?,UgwegxS2bo0Q0w-d8dZ4AaABAg
2025-03-10 00:16:04,65ePiBfLVt8,진 진짜 구리다 ㅋㅋㅋ,UgwDAeg4Pw2OPuLo5ZV4AaABAg
2025-03-10 00:16:04,65ePiBfLVt8,"<a href=""https://www.youtube.com/watch?v=65ePiBfLVt8&amp;t=1302"">21:42</a>",Ugz7Jl36d7TLkaXgyY14AaABAg
2025-03-10 00:16:04,65ePiBfLVt8,물쥐 화장실에서 방송함?,UgzBV308eqiPGfk1jbR4AaABAg
2025-03-10 00:16:04,65ePiBfLVt8,이사함? 분위기가 달려졌네,UgxBYu9rphwIs5kOCX14AaABAg
2025-03-10 00:16:04,65ePiBfLVt8,쥐환이 이사했어???,Ugznw9dYPLOaVpQFA8x4AaABAg
2025-03-10 00:16:04,65ePiBfLVt8,"<a href=""https://www.youtube.com/watch?v=65ePiBfLVt8&amp;t=1363"">22:43</a> 힐링되는 영상이네요",Ugzgk_5Ww0qzBgLFJ1B4AaABAg
2025-03-10 00:16:04,65ePiBfLVt8,물쥐님 리포 해주세요,UgwlL0eQxWjTDUw4oFN4AaABAg
2025-03-10 00:16:04,65ePiBfLVt8,막판개맛있게지네😂,UgyuJbZROAqWgwHP_iN4AaABAg
2025-03-10 00:16:04,65ePiBfLVt8,왤케 노진구 닮았냐,UgxNL2nwilvBve-rW6J4AaABAg
2025-03-10 00:16:04,65ePiBfLVt8,이새낀 뭐 화장실에서 방송함 ?,Ugyzbi6iiy_EEPzWMjd4AaABAg
2025-03-10 00:16:04,65ePiBfLVt8,와 밥먹다 체했네 리신 아칼리 진짜 대단하다 실력에비해 과하게 올라가있네 빨리 내려와라,UgwiF5NF44dE8cMqEix4AaABAg
2025-03-10 00:16:04,65ePiBfLVt8,물지님 집의 그 울림이 사라져따..,UgxaBXpjhpPRK82HhG94AaABAg
2025-03-10 00:16:04,65ePiBfLVt8,이상하게 왜 물쥐가 점점 잘생겨보이냐,UgwOAHmjyj_IYy11IIJ4AaABAg
2025-03-10 00:16:04,65ePiBfLVt8,뮬쥐님 왜 화장실에서 게임하시나요?,UgyoNF0diKnQmGIUPRZ4AaABAg
2025-03-10 00:16:04,65ePiBfLVt8,막판은 카르마랑 물쥐가 너무 불쌍하다ㅠ,UgyZKXs7Qv9MzDmpN794AaABAg
2025-03-10 00:16:04,65ePiBfLVt8,뒷배경 왜이리 어색하냐,Ugw0exVLGVbkPfe62tl4AaABAg
2025-03-10 00:16:04,65ePiBfLVt8,"<a href=""https://www.youtube.com/watch?v=65ePiBfLVt8&amp;t=485"">8:05</a> 개지렸다ㅋㅋㅋㅋㅋㅋㅋ",Ugycjw421JPLegBm8ch4AaABAg
2025-03-10 00:16:04,65ePiBfLVt8,뭐야 이사함?,Ugw1BU3JyDWd2RQuNpZ4AaABAg
2025-03-10 00:16:04,65ePiBfLVt8,마지막겜은 참 역하네 ㅋㅋㅋ 저렇게 통나무드는대 리신은 계속 쳐박네 ㅋㅋㅋ,UgyQwEpdSBaJasr1uGJ4AaABAg
2025-03-10 00:16:04,65ePiBfLVt8,리신 ㅈㄴ암걸리네,UgwaHrDKCWMDR59plOB4AaABAg
2025-03-10 00:16:04,65ePiBfLVt8,"<a href=""https://www.youtube.com/watch?v=65ePiBfLVt8&amp;t=895"">14:55</a> 허튼콜",UgxGExIK0iWdVt7jazZ4AaABAg
2025-03-10 00:16:04,65ePiBfLVt8,저기 옆동네는 7연패하고 소리지르고 난리던뎅ㅋㅋㅋㅋ여긴 편안하내 2정글인 판에서 원딜로도 캐리하고 존나멋져,UgxUEVJqDvZbKphaz_14AaABAg
2025-03-10 00:16:04,65ePiBfLVt8,"<a href=""https://www.youtube.com/watch?v=65ePiBfLVt8&amp;t=441"">7:21</a> 자막이 개쳐웃기네 진짜 ㅋㄱㅋㄱㅋㄱㅋㄱㅋㄱㅋㄱㅋㄱㅋ",UgwKLWEMXwF7SC1nUzB4AaABAg
2025-03-10 00:16:04,65ePiBfLVt8,굄우지형 오랜만에 왔는데 여전히 ㅈㄴ 웃기시네,UgylPQ9QwThJoIviJXx4AaABAg
2025-03-10 00:16:04,65ePiBfLVt8,형 성심당에서 빵사갈게 초대좀 ㅠ,UgwDOAlhCuAWxaO0qnF4AaABAg
2025-03-10 00:16:04,65ePiBfLVt8,진짜 막판 진건 개쳐억울하겠노ㅋㅋㅋ😂,UgzBL_3hGBWbTHvuYZJ4AaABAg
2025-03-10 00:16:04,65ePiBfLVt8,마이크가 더빙하는거 마냥 이상하네,UgxtLtkdqmlyj26AoEV4AaABAg
2025-03-10 00:16:04,65ePiBfLVt8,"<a href=""https://www.youtube.com/watch?v=65ePiBfLVt8&amp;t=862"">14:22</a> 궁큐알이 뭐임 진짜모름",UgxlAyN1iDkqmOa14vh4AaABAg
2025-03-10 00:16:04,65ePiBfLVt8,이번편 재밌다,UgxmTCofY4cNIFpb7dJ4AaABAg
2025-03-10 00:16:04,65ePiBfLVt8,"<a href=""https://www.youtube.com/watch?v=65ePiBfLVt8&amp;t=1000"">16:40</a> 시야왜사라짐?",UgznCTs_evJSYeSygN14AaABAg
2025-03-10 00:16:04,65ePiBfLVt8,롤영상 매크로<br>1. 상습적인 자기위로<br>2. 상습적으로 듣기 불편한 불평불만<br><br>다른 롤튜브랑 차별점 전혀없음. 챔프가 다양한 것도 아니고 재밌는 장면이 나오는 것도 아니고. 이벤트성으로 기획해서 게임은 절대 안함. <br>요즘 시대에 쇼츠도 따로 안만드는건 너무하지 않나 싶음.<br>아무리 롤로 시작한 방송인이라하지만 롤로 망해가는걸 보기가 좀 힘드네 디도스 때문에 밥줄 끊기는데 그냥 갖다 버리고 종겜으로 아예 전환해버리죠? 쇼츠 제작 편집자 구하고,UgzFTziPRNTZfJpUEc54AaABAg
2025-03-10 00:16:04,65ePiBfLVt8,쥐환이 왜 화장실에서 방송함?,UgwBd6mbL-zoAuJqB914AaABAg
2025-03-10 00:16:04,65ePiBfLVt8,이사했나요? (진짜모름),Ugx6dUWBc7vAGxDVQMl4AaABAg
2025-03-10 00:16:04,65ePiBfLVt8,역대급 무지성시즌 ㅋㅋ,UgwUEN2vHlg9pf2T9vh4AaABAg
2025-03-10 00:16:04,65ePiBfLVt8,저기 지금 방송하는곳 이사한 집임 아니면 스튜디오 따로 하나 구함?,UgxCdUbg3h3MKBM4ESF4AaABAg
2025-03-10 00:16:04,65ePiBfLVt8,진짜 고아들만 만나네 불쌍하다 물지 ㅠㅠ,UgwaWQ0g3SLKPX6xc4Z4AaABAg
2025-03-10 00:16:04,65ePiBfLVt8,물쥐님 캠각도 바꾸니까 훨씬 인물이 사네,Ugzz-6jE5oDH_h1gxBJ4AaABAg
2025-03-10 00:16:04,65ePiBfLVt8,머리 ㅈㄴ귀엽네ㅋㅋ,Ugz6szN0_ywMxJqOjM94AaABAg
2025-03-10 00:16:04,65ePiBfLVt8,물쥐 이사함?,UgwE71j06EQeGjhAZAd4AaABAg
2025-03-10 00:16:04,65ePiBfLVt8,오늘꺼 개재밌네 ㅋㅋㅋㅋ,UgxNI9owFl8nbBiRoxd4AaABAg
2025-03-10 00:16:04,65ePiBfLVt8,얘 왜 나대냐,UgzBGJYEgDCw1odZRK94AaABAg
2025-03-10 00:16:04,65ePiBfLVt8,서울로 이사오고 나서 탠션 확 오르고 웃음이 멈추지 않는게 보이네요 ㅋㅋ,UgwzkWdNyY4nu2RVpsp4AaABAg
2025-03-10 00:16:04,65ePiBfLVt8,18군번이도 군대에서부터 보던 유튜브 애청자로서 이렇게 갑자기 집 바뀐거 보고 의아하긴 하지만 새로운 집 브이로그로 한번 영상 제작해주면 고마울듯 합니다!!!!,UgyGMnzCugImXLN19L54AaABAg
2025-03-10 00:16:05,65ePiBfLVt8,오늘 6개월만에 신병위로휴가 끝나고 부대 복귀입니다 ..!!!,Ugz3x3L10X_UX0dbsql4AaABAg
2025-03-10 00:16:05,65ePiBfLVt8,롤하니까 너무 좋다,UgwZHiSsZlgLPsVXgip4AaABAg
2025-03-10 00:16:05,65ePiBfLVt8,"<a href=""https://www.youtube.com/watch?v=65ePiBfLVt8&amp;t=232"">03:52</a> 모데 예측 지리네",UgwjaNup1SoBfRsms_R4AaABAg
2025-03-10 00:16:05,65ePiBfLVt8,쥐환아 매판 버스타는거 안지겹냐,UgwMECLmyHn11WrSG2l4AaABAg
2025-03-10 00:16:05,65ePiBfLVt8,화장실에서 방송함?,UgyNZQ0jCriW0dqh2gV4AaABAg
2025-03-10 00:16:05,65ePiBfLVt8,존나오랜만이네 이세끼<br>내 휴대폰 화면에 뜨지말아라 쥐환아<br>잘쥐냈어? 안본사이에 코평수가 더 커졌네<br>코평수만큼 돈 좀 벌었샤? <br>미운정도 정이라고 볼때마다 꼴뵈기 싫어 죽겠는데 미친듯이 좋다,UgwbSHdWTUv35JO0niJ4AaABAg
2025-03-10 00:16:05,65ePiBfLVt8,물쥐 돈많이 벌었나 레미안으로 이가갔누 ㅋㅋㅋ,Ugx4m_ROfuNHQIJvvpl4AaABAg
2025-03-10 00:16:05,65ePiBfLVt8,물쥐님 잘생겨졌어요,UgxUuvJA8xPJBjIEI994AaABAg
2025-03-10 00:16:05,65ePiBfLVt8,"<a href=""https://www.youtube.com/watch?v=65ePiBfLVt8&amp;t=212"">3:32</a> 제우스 : 네?",Ugxz9WJyCEH37RmViOx4AaABAg
2025-03-10 00:16:05,65ePiBfLVt8,음질 좋다?,Ugxrgqkf1a_dsBB4HMh4AaABAg
2025-03-10 00:16:05,65ePiBfLVt8,마지막판 상대탑에 짐승 패작인 요네가있어도 정글이못하면 지는게 맘아프네ㅠㅠ,UgxGfncslMXNsA7FU9J4AaABAg
2025-03-10 00:16:05,65ePiBfLVt8,근데 진짜 잘하네...,UgwoYsvjOVosbxxOuUd4AaABAg
2025-03-10 00:16:05,65ePiBfLVt8,지환아..이사 갔넹.. 배경이 바꼇엉😮😮🎉🎉,Ugz0WtOadw5cMaHV3854AaABAg
2025-03-10 00:16:05,65ePiBfLVt8,방음부스 설치하니까 소리가 안울려서 뭔가 우렁참이 떨어졌네 ㅋㅋㅋㅋ,Ugxtejkuu1Zdwv3Kh7t4AaABAg
2025-03-10 00:16:05,65ePiBfLVt8,잘생겼다,UgzSI0G4dU1ccyC8xKB4AaABAg
2025-03-10 00:16:05,65ePiBfLVt8,물쥐 이사함?? 배경뭐임,UgzY4ldHEOMyZfsrFit4AaABAg
2025-03-10 00:16:05,65ePiBfLVt8,왤캐 배경이 화장실 변기칸 같을까,UgzuI2xDguVKvg39Ve14AaABAg
2025-03-10 00:16:05,65ePiBfLVt8,물쥐 방송 장소 달라졌다고 왤케 잘생겨보임???,UgykJ7AvyFPMSo8tyRF4AaABAg
2025-03-10 00:16:05,65ePiBfLVt8,아니 집도 이사하고 평소처럼 늘어난 회색 티도 안입고 새삼 문뜩 열등감 올라오네....,Ugy8mgOYukuCIDefYiZ4AaABAg
2025-03-10 00:16:05,65ePiBfLVt8,욕실에서 방송하는줄알았네,UgxapIjaYkg47H4N7Zp4AaABAg
2025-03-10 00:16:05,65ePiBfLVt8,첫번째판 이즈는 진짜 못볼 정도네;,UgwYJh7sptaWeSUFtRZ4AaABAg
2025-03-10 00:16:05,65ePiBfLVt8,이제 물쥐님 디도스 안걸리는거임?,Ugy6QafyPO6TevpT7ol4AaABAg
2025-03-10 00:16:05,65ePiBfLVt8,리신 챔프이해도 봐라 ㅋㅋ 눈감고 겜하네,UgymFrnHB_EnrjxTWpF4AaABAg
2025-03-10 00:16:05,65ePiBfLVt8,"<a href=""https://www.youtube.com/watch?v=65ePiBfLVt8&amp;t=863"">14:23</a> <br>궁QR이 우째 되노 ㅋㅋ",UgwOdFVyO-GpukMcb7l4AaABAg
2025-03-10 00:16:05,65ePiBfLVt8,"<a href=""https://www.youtube.com/watch?v=65ePiBfLVt8&amp;t=1335"">22:15</a> 이거 정지안먹노ㅋㅋㅋ",UgwLeOW_NhrVEjGD8WJ4AaABAg
2025-03-10 00:16:05,65ePiBfLVt8,롤 채팅창 영어로 하는거 어케함?,UgwdnvnZi0vvatFjtDN4AaABAg
2025-03-10 00:16:05,65ePiBfLVt8,막판이 진짜 정신병판이네,Ugzjda7wXJp1AKwN2uR4AaABAg
2025-03-10 00:16:05,65ePiBfLVt8,"<a href=""https://www.youtube.com/watch?v=65ePiBfLVt8&amp;t=1302"">21:42</a> 종북세력에게 장악된 현 대한민국 상황...",UgxVFp0FKZlN_0uNkwp4AaABAg
2025-03-10 00:16:05,65ePiBfLVt8,물쥐 오랜만에 보는데 옛날처럼 빡겜은 안하고 즐겜하는느낌 2020년도랑 확다르네,UgzPXFmTth4U4JRzvx94AaABAg
2025-03-10 00:16:05,65ePiBfLVt8,역대 쥐튜브 영상중에 제일 재밌게 봤다 ㅋㅋㅋㅋ 개추,Ugy1AnlngW1Rqlukl6h4AaABAg
2025-03-10 00:16:05,65ePiBfLVt8,괴물쥐가 50분 게임 진 거 만큼 꼬수운게 없음<br>나 지금 커진 거 같아,UgwJLu-0SrNoRuq1nXt4AaABAg
2025-03-10 00:16:05,65ePiBfLVt8,디도스가 물쥐 혈압을 챙겨주고 있던거네;,Ugy4b_7h8UBxfvmGUgx4AaABAg
2025-03-10 00:16:05,65ePiBfLVt8,이번 시즌이 에메 아래 랭크에서 이기면 40점 가까이 주고 지면 10점 정도 떨어져서 판수만 박으면 올라갈수 있음 근데 에메티어 달성하면 점수 주는게 정상화되서 브실골플에가 다 에메랄드에 갇혀있는 느낌이 전시즌보다 심함,Ugw1SoeWCkK0yr1kR-t4AaABAg
2025-03-10 00:16:05,65ePiBfLVt8,리신리폿 존나웃기노,UgyyoipqG1k15qAJ7fh4AaABAg
2025-03-10 00:16:05,65ePiBfLVt8,아니 ㅋㅋ 지금까지 썸네일중에 이게 제일 웃기네 ㅋㅋㅋ,UgwYnADcS1dGrD16QrV4AaABAg
2025-03-10 00:16:05,65ePiBfLVt8,아니 20분 개빨리 끝나네,UgyrYSQ5vE6LLkXjjsZ4AaABAg
2025-03-10 00:16:05,65ePiBfLVt8,예 왜 화장실에서 방송함?,Ugz2ppQtTFVpEKQRqsp4AaABAg
2025-03-10 00:16:05,65ePiBfLVt8,ㄷㄷ,UgyLPNSjdOkXHoaUR154AaABAg
2025-03-10 00:16:05,65ePiBfLVt8,물지님 이사가셨나? 캠이 프로게이머같네,Ugy1xHfJQwtYmf4uQBR4AaABAg
2025-03-10 00:16:05,65ePiBfLVt8,조영남 안경뭔데,Ugyhp1PCi5v1MxREj994AaABAg
2025-03-10 00:16:05,65ePiBfLVt8,잘하네 나이먹고 화가좀 줄은건지 편안하니깐 더 잘하는거 너무보기좋다,UgxSU1O0RjKqq5X4xpR4AaABAg
2025-03-10 00:16:05,65ePiBfLVt8,마지막 판을 지는 건 진짜 충격이긴하네,UgwIEEYdKXyUlLBndIN4AaABAg
2025-03-10 00:16:05,65ePiBfLVt8,취침전 야식 항시 감사합니다,Ugyj37zBFhTOT6eA9394AaABAg
2025-03-10 00:16:05,65ePiBfLVt8,이번영상 개웃었다 ㅋㅋㅋㅋㅋㅋㅋ존나재밋네,UgyMDOpHcTGulamAFnx4AaABAg
2025-03-10 00:16:05,65ePiBfLVt8,안경 배경 캠 다 바꾸셨네 뭔가 더 깔끔해지고 세련된거 같은데 이맛이 아닌데;;,UgzXQQQ2mEZIjPbG2Ep4AaABAg
2025-03-10 00:16:05,65ePiBfLVt8,물쥐 여친 생김 ? 왤캐 멀쩡해진거 같지,Ugwd5uB2NAARVTTHavl4AaABAg
2025-03-10 00:16:05,65ePiBfLVt8,"<a href=""https://www.youtube.com/watch?v=65ePiBfLVt8&amp;t=1362"">22:42</a> 마지막게임 요약",Ugx9KC9UbPXisSG_UIp4AaABAg
2025-03-10 00:16:05,65ePiBfLVt8,"와 <a href=""https://www.youtube.com/watch?v=65ePiBfLVt8&amp;t=1290"">21:30</a> 여기가 오늘 영상 클라이막스",Ugxn6-w4e8aw1qOOj9x4AaABAg
2025-03-10 00:16:05,65ePiBfLVt8,아 왜 몬헌이 아닌데😢,UgxAC22slqJM5SzT2Xt4AaABAg
2025-03-10 00:16:05,65ePiBfLVt8,이분은 왜 화장실에서 방송하시나요,UgyExWV0DVCFGE5Mqfx4AaABAg
2025-03-10 00:16:05,65ePiBfLVt8,ee,UgzmnAGWn2gr2i8MMGR4AaABAg
2025-03-10 00:16:05,65ePiBfLVt8,물지야 뭐 배경이 화장실이냐 맘 아프게,UgzVosaNAE9PSYkWaCt4AaABAg
2025-03-10 00:16:05,65ePiBfLVt8,괴물쥐님 안경 정보 알 수 있을까요,UgxnHNP6kKw297qreyZ4AaABAg
2025-03-10 00:16:05,65ePiBfLVt8,머리가 왜 내성발톱이 됐지,UgwXFH-BuiC19_oySHF4AaABAg
2025-03-10 00:16:05,65ePiBfLVt8,스킬을 어따 쓰는거야 집중하자 지환아^^,UgwVV1MDQbZFE4sMBn14AaABAg
2025-03-10 00:16:05,65ePiBfLVt8,물쥐 이사함?,UgwRKfMkoeSTf0hhQ2d4AaABAg
2025-03-10 00:16:05,65ePiBfLVt8,존나잘생겼네,Ugzvyz1J2Bq9QNQk7zZ4AaABAg
2025-03-10 00:16:05,65ePiBfLVt8,헤어디자이너 인데 이댓글 보고 오면 할인해줌,UgxHQj-rzwaE69SwOLx4AaABAg
2025-03-10 00:16:05,65ePiBfLVt8,썸네일 개웃기네 ㅋㅋㅋ,Ugwz8Z-6BGbwYiZp8kd4AaABAg
2025-03-10 00:16:05,65ePiBfLVt8,모야 물쥐형 언제 방음공사한거야,UgwTzZm-PZl8mR-zn-Z4AaABAg
2025-03-10 00:16:05,65ePiBfLVt8,"<a href=""https://www.youtube.com/watch?v=65ePiBfLVt8&amp;t=228"">3:48</a>",UgxUmqNV22UdH_9jFNZ4AaABAg
2025-03-10 00:16:05,65ePiBfLVt8,막판 진은 진짜 팀 개역겹네<br>진짜 아틀라스급 통나무다,UgyoWQyxPvAI9WAgyz54AaABAg
2025-03-10 00:16:05,65ePiBfLVt8,리신 어뷰 개티나네 ㅋㅋㅋ,UgzBv4qZd23huza8WVN4AaABAg
2025-03-10 00:16:05,65ePiBfLVt8,집 이사함?,UgxrMmYSXabbMCUP9vp4AaABAg
2025-03-10 00:16:05,65ePiBfLVt8,물쥐님 왜 변기에서 게임 하시는거죠?,Ugw9oJg-gJ3i5oSch8N4AaABAg
2025-03-10 00:16:05,65ePiBfLVt8,"<a href=""https://www.youtube.com/watch?v=65ePiBfLVt8&amp;t=403"">6:43</a> 바루스판 뽀삐한테 미아핑 찍으니깐 채팅 차단한게 개웃긴데 이게 안담겼네 ㅋㅋ",UgyJwdIXyujSNNXc8yt4AaABAg
2025-03-10 00:16:05,65ePiBfLVt8,물쥐 어디로 이사감?,UgyQTJizfKNwa87vqiZ4AaABAg
2025-03-10 00:16:05,65ePiBfLVt8,보고 싶어..,UgyWQ60-2srQg01SHQx4AaABAg
2025-03-10 00:16:05,65ePiBfLVt8,화장실에서 게임함? ㅋㅋㅋ,UgzoLXNhyj0Mws6zoEp4AaABAg
2025-03-10 00:16:05,65ePiBfLVt8,이분 왜 화장실에서 방송해요?,Ugy_DBkSOemOlfHwt1J4AaABAg
2025-03-10 00:16:05,65ePiBfLVt8,"<a href=""https://www.youtube.com/watch?v=65ePiBfLVt8&amp;t=1299"">21:39</a> 물지 입냄새 공격에 정신을 못차리는 카메라 초점",Ugzy5X0QTNYwJHDTdbZ4AaABAg
2025-03-10 00:16:05,65ePiBfLVt8,키웠다길래 그냥 많이 죽은건 줄 알았는데 진짜 업어키웠네 ㅋㅋㅋㅋㅋㅋ,UgyfBLhQ2DcX-Hl7GtF4AaABAg
2025-03-10 00:16:05,65ePiBfLVt8,어제영상올라왓다가 지우고 다시 올린건가요? 왜 어제 자기전에 본 기억이나지?,UgyciXO1WIB9bFws2wd4AaABAg
2025-03-10 00:16:05,65ePiBfLVt8,얘 집바꾼거임??,UgyP9YC_m0ncSdX4mMZ4AaABAg
2025-03-10 00:16:05,65ePiBfLVt8,물쥐햄 이사한거임?,UgwyAJETLSvCxLhz0FZ4AaABAg
2025-03-10 00:16:05,65ePiBfLVt8,물쥐 이사했구나,Ugx4uncuG_1rroAflx14AaABAg
2025-03-10 00:16:05,65ePiBfLVt8,"이번영상보면서 느낀건데 요즘롤이 초반게임이랍시고 교전늘리고 아타칸쳐만들고 할바엔 어차피 오래갈 게임 루즈하니까 걍 후반에 다 풀템뜨면 오히려 공,마 높이고 체,방마저 깎아서 겜좀 빨리 끝내거 싶음 한 판 한 판 피로도가 너무 쌓임",Ugxd0UL5qgnkBMfaFix4AaABAg
2025-03-10 00:16:05,65ePiBfLVt8,근데 얘 화장실에서 방송함? 뒤에 배경 언제 바꼈냐 ㅋㅋ,UgxJ8olugRb-gL_8fgN4AaABAg
2025-03-10 00:16:05,65ePiBfLVt8,물쥐님 방이 달라졌네요 이사 가신건가요? 어색에서  방이,Ugy5CXwRX3h-9VFzQ9V4AaABAg
2025-03-10 00:16:05,65ePiBfLVt8,안경 뭔ㅋㅋㅋ,UgxMTgc9OrV1BcJis4Z4AaABAg
2025-03-10 00:16:05,65ePiBfLVt8,뭐땜에 이사 했나요 이 코쟁이,UgwdEh5z4tcTPqnNoxF4AaABAg
2025-03-10 00:16:05,65ePiBfLVt8,막판 보니까 롤 하고 싶은 생각이 싹 사라지네,UgzhP46Mfxv3iTxFK8t4AaABAg
2025-03-10 00:16:05,65ePiBfLVt8,리신 욕나오네,UgwXX9ndntTaIXJYc1N4AaABAg
2025-03-10 00:16:05,65ePiBfLVt8,물쥐형 ^ㅣ바 그만 잘하라고!!,UgyQcsNL5160LuCUruF4AaABAg
2025-03-10 00:16:05,65ePiBfLVt8,물쥐형 롤영상 요즘 개인적으로 좀 아쉽네 라이엇에서 욕 못하게 해서 재미가 떨어지면 게임 퀄리티라도 올라가야하는데 요즘 하향 평준화 되어가지고 물쥐형만 못올라가고 슬프네,UgwhXwXVJMoFRDiQEH14AaABAg
2025-03-10 00:16:05,65ePiBfLVt8,오늘 물쥐 잘생김 ㄷㄷ,UgwKrBxkJyvLkm9FDtZ4AaABAg
2025-03-10 00:16:05,65ePiBfLVt8,이제 디도스 안걸리나요??,UgwosL8FubxkE2VvtGV4AaABAg
2025-03-10 00:16:05,65ePiBfLVt8,뒤에 배경이 바뀐줄도 몰랐다,Ugx4RLQPdM3qNH_vKul4AaABAg
2025-03-10 00:16:05,65ePiBfLVt8,물쥐 서울로 이사감?,UgxhyIrPftc7sRlEwbl4AaABAg
2025-03-10 00:16:05,65ePiBfLVt8,캠 ㅈㄴ 어색하네 뒤에 무슨 화장실 벽 타일 같네,Ugwwu1na1GvgE1oeuzB4AaABAg
2025-03-10 00:16:05,65ePiBfLVt8,"<a href=""https://www.youtube.com/watch?v=65ePiBfLVt8&amp;t=438"">7:18</a>",UgweOdadfavCvsczzlJ4AaABAg
2025-03-10 00:16:05,65ePiBfLVt8,물쥐 화장실에서 방송하는거임?,Ugy9oF_EWMNc3658GR94AaABAg
2025-03-10 00:16:05,65ePiBfLVt8,오랜만에 진짜 맛있는 영상이네..,UgyBtyRXJzKOFplICa94AaABAg
2025-03-10 00:16:05,65ePiBfLVt8,이사했나요?,UgxPUDo7dJMx4N8MI_J4AaABAg
2025-03-10 00:16:05,65ePiBfLVt8,물쥐 왜 화장실에서 방송함?,Ugz7w35qLaJ_rEZhpeh4AaABAg
2025-03-10 00:16:05,65ePiBfLVt8,물쥐 이사감?,Ugx59UG2aWBy_Tv_5D94AaABAg
2025-03-10 00:16:05,65ePiBfLVt8,얘 요즘 멘탈 디톡스된거임? 아니면 쥐집자가 신인거임? 밝아보이네<br>롤체할땐 살벌하더만,UgzERb0DWzEkF4We9KN4AaABAg
2025-03-10 00:16:05,65ePiBfLVt8,"<a href=""https://www.youtube.com/watch?v=65ePiBfLVt8&amp;t=686"">11:26</a> 와 진짜 2025년 최고에 일침이다",Ugx3LGA6UaMPWdzAcjN4AaABAg
2025-03-10 00:16:05,65ePiBfLVt8,"<a href=""https://www.youtube.com/watch?v=65ePiBfLVt8&amp;t=487"">8:07</a>",UgxBJKT9ejjzznCyqYZ4AaABAg
2025-03-10 00:16:05,65ePiBfLVt8,지환이 왜캐 잘 생겼냐,UgwNLsiHMoBzh_OSZVp4AaABAg
2025-03-10 00:16:05,65ePiBfLVt8,얘 이사함?,UgzAkRI2QltLSAPqvZx4AaABAg
2025-03-10 00:16:05,65ePiBfLVt8,마지막 판 개웃기네 ㅋㅋㅋㅋㅋ,UgwcypYCxV_AIGdc3CJ4AaABAg
2025-03-10 00:16:05,65ePiBfLVt8,"<a href=""https://www.youtube.com/watch?v=65ePiBfLVt8&amp;t=227"">3:47</a> 한타 큐 한대 맞췄는데 초집중모드네",UgwLRa55lS3NUqWerUd4AaABAg
2025-03-10 00:16:05,65ePiBfLVt8,쥐환이 왜 화장실에서 방송함??,Ugz-F1f34ej1GXXhcyx4AaABAg
2025-03-10 00:16:05,65ePiBfLVt8,이사도했는데 방구경영상같은건 안올려주나,UgwtZBqC9PSXw4HbCtx4AaABAg
2025-03-10 00:16:05,65ePiBfLVt8,물쥐 이사감? 뒷배경 무슨 스카 같네,UgxkMOuRP2fuL5q1uD54AaABAg
2025-03-10 00:16:05,65ePiBfLVt8,이분 화장실에서 게임하나요?,UgwaCquisPsy-Rm6Nl94AaABAg
2025-03-10 00:16:05,65ePiBfLVt8,오랜만에 롤이라서 냅다 달려왔어 형,UgyoV8PElrVCKmicPzB4AaABAg
2025-03-10 00:16:05,65ePiBfLVt8,ㅋㅋ물쥐 화내는 영상 야미,UgwBIx1DDGkNFVdMTmx4AaABAg
2025-03-10 00:16:05,65ePiBfLVt8,왜케 꾸민거같지<br>형의 real 모습을 보여줘<br>겨드랑이도 좀 까고,Ugx48aVqalstCwCQ_654AaABAg
2025-03-10 00:16:05,65ePiBfLVt8,물쥐 이사감?,UgzdvAZHCjDtbXgG9Tt4AaABAg
2025-03-10 00:16:05,65ePiBfLVt8,"<a href=""https://www.youtube.com/watch?v=65ePiBfLVt8&amp;t=861"">14:21</a> 리신 히든콤보 궁QR ㄷㄷ",Ugx0GH4rWcUZbvJIKyF4AaABAg
2025-03-10 00:16:05,65ePiBfLVt8,아 가지무침... 몬헌 가져와라!,UgyjuKKcHDEZu487O0h4AaABAg
2025-03-10 00:16:05,65ePiBfLVt8,"<a href=""https://www.youtube.com/watch?v=65ePiBfLVt8&amp;t=378"">6:18</a> 물괴님이 만드신 문화 아닌가요(진짜 모름)",UgwYdjtc-7SHlEQj3jp4AaABAg
2025-03-10 00:16:05,65ePiBfLVt8,바루스판 개재밌네 ㅋㅋ,UgynzI2EDUXxWFlgdw14AaABAg
2025-03-10 00:16:05,65ePiBfLVt8,"<a href=""https://www.youtube.com/watch?v=65ePiBfLVt8&amp;t=135"">2:15</a> 카이사 정화 있을까 봐 레오나 Q들고 있는거 센스 좋네",Ugw-9N-9Ft7sIQq_RHt4AaABAg
2025-03-10 00:16:05,65ePiBfLVt8,이즈판 팀원 잘하는데 엥?엥? 거리는거보니 물쥐도 많이 죽었구나..,UgzfxG_IpfiyUiwf8rd4AaABAg
2025-03-10 00:16:05,65ePiBfLVt8,지환아 왜 화장실에서 방송해?,Ugyfsk3O65f4MgFutdN4AaABAg
2025-03-10 00:16:05,65ePiBfLVt8,"조회수 69,74 지렸다.",UgwI6pmmKekV2UY0M5J4AaABAg
2025-03-10 00:16:05,65ePiBfLVt8,근데 이분 왜 화장실에서 방송하나요?,UgwSEKlr5gTa5EbDWZl4AaABAg
2025-03-10 00:16:05,65ePiBfLVt8,왜 화장실에서 겜하세여?,UgzaQChS0H6lBM8fmr54AaABAg
2025-03-10 00:16:05,65ePiBfLVt8,이분 이마가 왜이렇게 넓어졌죠,UgxvvpKfer0-xts9xjt4AaABAg
2025-03-10 00:16:05,65ePiBfLVt8,다시 네모난 물쥐캠 돌아왔구나,UgzUlqBx4ZiIso_ppQd4AaABAg
2025-03-10 00:16:05,65ePiBfLVt8,얘 오늘따라 잘생겨보이는데 정상임?,UgwkBvLwCaSU4eKOdVN4AaABAg
2025-03-10 00:16:05,65ePiBfLVt8,이사한 집 브이로그 찍어도 괜찮을듯,UgyZ3UciBIdFwkm3G0p4AaABAg
2025-03-10 00:16:05,65ePiBfLVt8,막판 역대급으로 재밌네ㅋㅋ,UgzRLEzBAE4EROBr0Ul4AaABAg
2025-03-10 00:16:05,65ePiBfLVt8,암웨이 공기청정기..,UgzOBFtdG74zYr5bYtt4AaABAg
2025-03-10 00:16:05,65ePiBfLVt8,지환이 화장실에서 방송하나요?😢,UgyIivJFnT_cyD5qEXJ4AaABAg
2025-03-10 00:16:05,65ePiBfLVt8,왘ㅋㅋㅋ 마지막 진짜 눈물난다 ㅋㅋㅋㅋㅋ,UgxZ_Ag9pFZATN5tD8R4AaABAg
2025-03-10 00:16:05,65ePiBfLVt8,ㅋㅋㅋ 캠이 뭔가 프로게이머 보는거 같네,UgwohbKzE6lROAw3Ixd4AaABAg
2025-03-10 00:16:05,65ePiBfLVt8,공겜83,UgzAKyqqjuXAzVKxh514AaABAg
2025-03-10 00:16:05,65ePiBfLVt8,ㅋㅋㅋㅋㅋ캠 배경 피드백 빠른 거 너무 좋고,UgxmHEAFf-u2DuelGpd4AaABAg
2025-03-10 00:16:05,65ePiBfLVt8,마지막게임보다 롤접길 잘햇다라는 생각만 마구마구드네,UgyT9NxlgwmTXhMVDmF4AaABAg
2025-03-10 00:16:05,65ePiBfLVt8,"<a href=""https://www.youtube.com/watch?v=65ePiBfLVt8&amp;t=47"">0:47</a> 커피 뭐마실래 3초 안에 말해",UgzDBJBHXhKFg1njEhx4AaABAg
2025-03-10 00:16:05,65ePiBfLVt8,얘 왜 화장실에서 방송함?,UgzJd5DEeQlyWKs1KLd4AaABAg
2025-03-10 00:16:05,65ePiBfLVt8,썸네일이빨다뽑아버리고싶네,UgwFmLH8aceQ-zcXQl54AaABAg
2025-03-10 00:16:05,65ePiBfLVt8,"지환아..ㅇ..으흥...너무 과격..으흥 <a href=""https://www.youtube.com/watch?v=65ePiBfLVt8&amp;t=446"">7:26</a> 아아아앙~",UgzCQ1QcZPRHX9Wuj4V4AaABAg
2025-03-10 00:16:05,65ePiBfLVt8,얘 머리 왜이럼ㅋㅋㅋㅋㅋㅋ소가 핥앗나 ㅋㅋ,UgxGRXmFcMrFAU4QI554AaABAg
2025-03-10 00:16:05,65ePiBfLVt8,배경 뭐임? 이분 어디 납치당함?,UgwEh2HjtXGE-pl0TvV4AaABAg
2025-03-10 00:16:05,65ePiBfLVt8,"<a href=""https://www.youtube.com/watch?v=65ePiBfLVt8&amp;t=1205"">20:05</a> 아순신 혼자 명량해전중 ㅠㅜㅜ",UgzusFURCIUN2Vb0_K54AaABAg
2025-03-10 00:16:05,65ePiBfLVt8,"<a href=""https://www.youtube.com/watch?v=65ePiBfLVt8&amp;t=1360"">22:40</a> 개웃기넼ㅋㅋㅋㅋㅋ",UgzWgWNHSsJQepttHjV4AaABAg
2025-03-10 00:16:05,65ePiBfLVt8,이사람 배경바뀜?,UgxOmhApbekKsboaJ_94AaABAg
2025-03-10 00:16:05,65ePiBfLVt8,괴물쥐 이제 다른방송도 할려고 이사함??,Ugx_unKqX9vLo6AjGbx4AaABAg
2025-03-10 00:16:05,65ePiBfLVt8,리신 판테온 진짜 어뷰인데?,Ugx9PYH7O8t82COcBwp4AaABAg
2025-03-10 00:16:05,65ePiBfLVt8,지환이 서울어디로옴? 강북이었나?,Ugwud7JUjRfH6Yx6Bld4AaABAg
2025-03-10 00:16:05,65ePiBfLVt8,억지도구킬 징징은 좀,UgxHIZ7jFiQn1XMv1TR4AaABAg
2025-03-10 00:16:05,65ePiBfLVt8,240프레임이라 그런가 엄청 부드럽네,UgyeREJjOfG4uhikZi54AaABAg
2025-03-10 00:16:05,65ePiBfLVt8,화장실에서 방송하나 ㅋㅋㅋ,Ugxv7lvNzJN8r3pVUjN4AaABAg
2025-03-10 00:16:05,65ePiBfLVt8,아 이제 좀 숨이 쉬어진다,UgzkvRo1B3887pZRS714AaABAg
2025-03-10 00:16:05,65ePiBfLVt8,막판 몰입감 개쩌네 ㅋㅋㅋㅋ,Ugwguh5FzciUklYOAYJ4AaABAg
2025-03-10 00:16:05,65ePiBfLVt8,소리가 ASMR하는 소리같네 왤케 어색하지,UgxvWZLfbzzJ9nw7OsB4AaABAg
2025-03-10 00:16:05,65ePiBfLVt8,텐션 왜이리 높아보이지,UgxMj96jihQj1GaAvbJ4AaABAg
2025-03-10 00:16:05,65ePiBfLVt8,이렇게 못한날은 아웃트로 빼죠~,UgxKoj7QPlABT36vyYx4AaABAg
2025-03-10 00:16:05,65ePiBfLVt8,"역시 괴물쥐는 롤이 마싯따 <a href=""https://www.youtube.com/watch?v=65ePiBfLVt8&amp;t=500"">8:20</a>",Ugy2qvGZQlOeyYyoJwd4AaABAg
2025-03-10 00:16:05,65ePiBfLVt8,배경이 바뀌었네?,UgyYgwh7NRW5XfWH-EZ4AaABAg
2025-03-10 00:16:05,65ePiBfLVt8,"<a href=""https://www.youtube.com/watch?v=65ePiBfLVt8&amp;t=1362"">22:42</a> 매드무비 ㄷㄷ",UgwW0zYvgFK5p2Ajjwl4AaABAg
2025-03-10 00:16:05,65ePiBfLVt8,정글이 바론안먹으면 정글 왜하노?,Ugx72xX_SLksaJOaEHR4AaABAg
2025-03-10 00:16:05,65ePiBfLVt8,물쥐 이사했나요??,Ugx9rePrdwK4p4tCTFN4AaABAg
2025-03-10 00:16:05,65ePiBfLVt8,야미,UgwQHXfPe9c9XkXbizR4AaABAg
2025-03-10 00:16:05,65ePiBfLVt8,무슨일인데 물쥐 화장실에서 게임하냐,UgzZF_fMZrR-sz6XlVV4AaABAg
2025-03-10 00:16:05,65ePiBfLVt8,이사람 이사함?,UgxXYomSvhxVt8_8DH14AaABAg
2025-03-10 00:16:05,65ePiBfLVt8,물쥐형 왜 화장실에서 해?,UgzxQ9ZelPwwZUiOH294AaABAg
2025-03-10 00:16:05,65ePiBfLVt8,물쥐님 왜 갑자기 화장실에서 방송하는지 아시는 분 있나요,UgxsBCu2JPWxWrwhdQd4AaABAg
2025-03-10 00:16:05,65ePiBfLVt8,머리가 머여,UgzDLs0M4KnByeVG3n14AaABAg
2025-03-10 00:16:05,65ePiBfLVt8,배경이 나만 베란다로 쫒겨나서 게임하는 애 같음?,UgxNG9xhGAqE18bXicV4AaABAg
2025-03-10 00:16:05,65ePiBfLVt8,괴물쥐 4만회 귀하다,UgxCHx2HpsizidFs5154AaABAg
2025-03-10 00:16:05,65ePiBfLVt8,이사했나요 ??,UgxYrvVr-v5CwqIAkRR4AaABAg
2025-03-10 00:16:05,65ePiBfLVt8,"<a href=""UCkszU2WH9gy1mb0dV-11UJg/hf90Xv-jHeOR8gSxxrToBA""></a>",Ugwcvl8T27GeiUN9t8t4AaABAg
2025-03-10 00:16:05,65ePiBfLVt8,이 ㅅㄲ 오늘따라 잘생겨보이네,UgxsuW8MJon6ESui5Ap4AaABAg
2025-03-10 00:16:05,65ePiBfLVt8,cam down!!,UgwutSujEBRQX2dQQVp4AaABAg
2025-03-10 00:16:05,65ePiBfLVt8,남자들 조롱할거면  자기가 쓰고 있는 폰 인터넷 와파 다 끊어야 하고 침대 베게 냉장고 옷 스피커 그냥 옆에 있는 모든것들을 다 쓰면 안돼..  사람들 주변에 있는건 모두 남자가 만드는데 왜 남자를 조롱하는걸까 ㅠㅠ 모든 가전제품 다 한국남자가 만든 반도체 쓰는데 (와이파이를 여자가 만들었다는분이 있는데 그 사람이 개발한건 호핑기술이고 그 기술은 현재 사용되지도 않고요 그 기술도 사실 남자가 개발한걸로 나왔어요 지금도 모든 인터넷 와이파이 통신망은 남자가 개발..) 그냥 여러분들 주변에 있는 모든게 남자가 만든거에요...(이 글을 널리 퍼트려주세요 ㅠㅠ),UgyFZfDT19GT3cUe1vB4AaABAg
2025-03-10 00:16:05,65ePiBfLVt8,왜 화장실에서 방송하나 싶었는데 진짜 화장실이었네,Ugz-0bGmhF_tEzkjQf54AaABAg
2025-03-10 00:16:05,65ePiBfLVt8,머리저렇게하고 다른안경쓰니까 응답하라 1988 스타일같네,UgxZp_y-ZzC51DNfoKR4AaABAg
2025-03-10 00:16:05,65ePiBfLVt8,물쥐형 요즘 타게임이 더 재밌다 개추,UgwJ-pkIvnQC9e2OelR4AaABAg
2025-03-10 00:16:05,65ePiBfLVt8,형 롤체도 좀 올려줘...,UgyIorNekpQEMy5Iaxp4AaABAg
2025-03-10 00:16:05,65ePiBfLVt8,캠이랑 안경 바꿨네 .. 옛날 맛집이 바뀐 느낌이야 ㅠ,Ugwgoa73hs37HqLVOkp4AaABAg
2025-03-10 00:16:05,65ePiBfLVt8,카르마 진짜 잘하네,UgyFMFH4cp_EtwtehEp4AaABAg
2025-03-10 00:16:05,65ePiBfLVt8,이번 영상 ㅈㄴ 웃기네 ㅋㅋㅋㅋㅋ,UgzAG6b-NKZ3ToIR-Xh4AaABAg
2025-03-10 00:16:05,65ePiBfLVt8,롤보다가 이렇게 심장이 뛰던게 얼마만인가,UgxykLXBgWWsKuk4vyp4AaABAg
2025-03-10 00:16:05,65ePiBfLVt8,머리 조까치잘랏노,UgzDRShCS73ocP2WoUV4AaABAg
2025-03-10 00:16:05,65ePiBfLVt8,순간 삼식이방에서 방송하는줄알았네 ㅋㅋㅋㅋㅋㅋㅋㅋㅋㅋㅋㅋㅋㅋㅋㅋㅋㅋㅋ,UgxL7eoOm8wECKpE_ph4AaABAg
2025-03-10 00:16:05,65ePiBfLVt8,와 ㅋㅋ 막판은 ㄹㅇ 승부조작급인데,UgzaCEqorbUxU8uBKMB4AaABAg
2025-03-10 00:16:05,65ePiBfLVt8,대전을 떠났다니까 슬프기도 하네,Ugz2EAUQhqF6kx8BeYR4AaABAg
2025-03-10 00:16:05,65ePiBfLVt8,다이아가 이정도 수준이면은 걍 일부러 욕먹고 고소할려고 하는거 같은데?ㅋㅋ,UgwPgt8OgzIki57LfS94AaABAg
2025-03-10 00:16:05,65ePiBfLVt8,지환이햄 왜 화장실에서 캠킴?,UgwpRnRRuX8PYwJ-fLh4AaABAg
2025-03-10 00:16:05,65ePiBfLVt8,새 캠으로 보니까 지환오빠 더 잘생겨진 것 같아요,UgwJL7sW0EbA0JD0J114AaABAg
2025-03-10 00:16:05,65ePiBfLVt8,내일 면접인데 다들 응원 부탁드립니다!,Ugy86K1pSv_GPN_BAFx4AaABAg
2025-03-10 00:16:05,65ePiBfLVt8,나 중3 급식인데 로블이 더 재밌는거같다 ㅇㅇ,Ugyl6ClSdB-xX5fh_sV4AaABAg
2025-03-10 00:16:05,65ePiBfLVt8,물쥐 이사했나요?,UgwwgCCI8wTZQQHH_wd4AaABAg
2025-03-10 00:16:05,65ePiBfLVt8,"물쥐형 안아도 될까?? <a href=""https://www.youtube.com/watch?v=65ePiBfLVt8&amp;t=875"">14:35</a>",UgzrxHcijdXq24m5Cd54AaABAg
2025-03-10 00:16:05,65ePiBfLVt8,내가 드디어 미쳤나? 왜 괴물쥐가 잘생겨보이냐?,UgxMtgi36WnPXsNAIpR4AaABAg
2025-03-10 00:16:05,65ePiBfLVt8,물쥐 방바뀜?,Ugw0YZttx1OI2BGxLtZ4AaABAg
2025-03-10 00:16:05,65ePiBfLVt8,괴물쥐 롤만 기다렸으면 개추 ㅋㅋ,UgyFKSy0iCDQd19Rxt54AaABAg
2025-03-10 00:16:05,65ePiBfLVt8,이즈는 확실히 다른거에비해 못하는데 팀운이 좋은듯,Ugy0u6AoKs5PEYbNaId4AaABAg
2025-03-10 00:16:05,65ePiBfLVt8,얘도 맛이갔네 너무 인위적이야,UgxIRlTwCivxKjQSg7B4AaABAg
2025-03-10 00:16:05,65ePiBfLVt8,서울 자가.. 진짜 멋지십니다 쥐환이형 자수성가 제 꿈입니다,UgxB99vc-Lock3BKq-94AaABAg
2025-03-10 00:16:05,65ePiBfLVt8,"<a href=""https://www.youtube.com/watch?v=65ePiBfLVt8&amp;t=488"">8:08</a> <a href=""https://www.youtube.com/watch?v=65ePiBfLVt8&amp;t=1278"">21:18</a>ㅋㅋㅋㅋㅋㅋㅋㅋㅋㅋㅋㅋㅋㅋㅋㅋㅋㅋㅋㅋㅋㅋㅋㅋㅋㅋㅋㅋㅋㅋㅋㅋㅋㅋㅋㅋㅋㅋㅋㅋㅋㅋㅋㅋ 와 미친 빵터졋네 ㅋㅋㅋㅋㅋㅋㅋㅋㅋㅋㅋㅋㅋㅋㅋㅋ간만에 레전드 롤 경기",Ugzc__Nh-CkZvcMVUrl4AaABAg
2025-03-10 00:16:05,65ePiBfLVt8,"<a href=""https://www.youtube.com/watch?v=65ePiBfLVt8&amp;t=491"">8:11</a> ㅋㅋㅋㅋㅋㅋㅋㅋㅋㅋ",UgzN3mT9Wc5F-vagm454AaABAg
2025-03-10 00:16:05,65ePiBfLVt8,근데 이 사람 왜 주방에서 방송함?,Ugxl4_RiMlqI0221QJF4AaABAg
2025-03-10 00:16:05,65ePiBfLVt8,물쥐 화장함?,UgwHz-Xw_iUYAII5mvh4AaABAg
2025-03-10 00:16:06,65ePiBfLVt8,ㅅㅂ ㅋㅋ 배경 안경 머리까지 몰아일체네,UgyyOTx0v0-ALcQCLQ54AaABAg
2025-03-10 00:16:06,65ePiBfLVt8,"<a href=""https://www.youtube.com/watch?v=65ePiBfLVt8&amp;t=862"">14:22</a> 궁QR은 무슨 콤보임?",Ugw4XiBB2wlAUy_9PKd4AaABAg
2025-03-10 00:16:06,65ePiBfLVt8,서울가는것처럼 달려왔습니다,Ugyq4coIu4Wftm-RQJ14AaABAg
2025-03-10 00:16:06,65ePiBfLVt8,청바지 세트장이 그립다,UgwaOd2B6DhYDyVxdF94AaABAg
2025-03-10 00:16:06,65ePiBfLVt8,배경 바뀌니까 사람이미지가 확달라지네 전배경은 개백수겜창같앗는데 지금은 프로게이머 지망생같음,UgweX18ybtfQIPU-0SN4AaABAg
2025-03-10 00:16:06,65ePiBfLVt8,지환아 너때문에 내것도 커졌어,Ugx31_nMKGJWl9KoaTZ4AaABAg
2025-03-10 00:16:06,65ePiBfLVt8,자랑이다 ㅋ,UgwFE3jsRdQiQP9zws54AaABAg
2025-03-10 00:16:06,65ePiBfLVt8,오늘영상 레전드ㅋㅋ,UgzSWIQgNgRyIOz3STF4AaABAg
2025-03-10 00:16:06,65ePiBfLVt8,조회수 지렸다 없음.,UgxQqR3sfRwhaLOvBUd4AaABAg
2025-03-10 00:16:06,65ePiBfLVt8,뒤에 타올 머임 화장실에서 방송함?,UgzX3G_ItxAlCQDae-h4AaABAg
2025-03-10 00:16:06,65ePiBfLVt8,"<a href=""https://www.youtube.com/watch?v=65ePiBfLVt8&amp;t=807"">13:27</a> 이거 소리 왤케 웃김 ㅋㅋㅋㅋㅋ",UgzUEssZBFZsLZqnDUp4AaABAg
2025-03-10 00:16:06,65ePiBfLVt8,막판 진짜 팀원들 개심하네 ㅋㅌㅌ,UgxF7ZcS3f340lw5eHN4AaABAg
2025-03-10 00:16:06,65ePiBfLVt8,지환이 화장실에서 겜함?,UgwTxw3iexd8p5FkbdF4AaABAg
2025-03-10 00:16:06,65ePiBfLVt8,&#39;진미채&#39;,UgzzxuTK3Lbu5xSyLkB4AaABAg
2025-03-10 00:16:06,65ePiBfLVt8,이사람 이사했나요?,UgxknTsbj7KjzpVZM6R4AaABAg
2025-03-10 00:16:06,65ePiBfLVt8,배그 영상은 언제 올려용,Ugx0_nJH-49b7LkK7fx4AaABAg
2025-03-10 00:16:06,65ePiBfLVt8,화장실에서 겜하노,UgwJrXdVP6wNT4g4vSR4AaABAg
2025-03-10 00:16:06,65ePiBfLVt8,지금 롤에서 욕하고 그럼 신고 당해서 제재 먹어서 그러는 거 아닌가? 방송인들은 그냥 방송에서 욕하면 풀리지만 일반 애들은 채팅으로 욕하면 좆 됨,Ugw3juZOlxMYnP99Eq14AaABAg
2025-03-10 00:16:06,65ePiBfLVt8,얘 왜 화장실에서 방송하고 잇노 ㅋㅋ,UgxoAlnrpIEmNGkjVw94AaABAg
2025-03-10 00:16:06,65ePiBfLVt8,롤하니깐 안 행복해보인다.,UgweRvt-L-wGa2JirA14AaABAg
2025-03-10 00:16:06,65ePiBfLVt8,얘 이제 화장실에서 방송함?,UgzUf8zQCMLK3K7ZRkJ4AaABAg
2025-03-10 00:16:06,65ePiBfLVt8,니드런 이사해ㅆ어?,Ugy4avWmI0jMqdWq3rR4AaABAg
2025-03-10 00:16:06,65ePiBfLVt8,썸넬 존나 앙✌️🥵✌️큼하네 미친년❤,Ugx-J38L-AnmBDwaXeB4AaABAg
2025-03-10 00:16:06,65ePiBfLVt8,드디어 롤 처 올리네 ㅅㅂ❤❤,UgzX9c-OVA8v9ls_pZh4AaABAg
2025-03-10 00:16:06,65ePiBfLVt8,화장실에서 겜함?,UgwpSlhJF7goekrxjwF4AaABAg
2025-03-10 00:16:06,65ePiBfLVt8,화장실에서 방송하노 ㅋㅋ,Ugxvs2e4E_8VEBwCnyt4AaABAg
2025-03-10 00:16:06,65ePiBfLVt8,야자 후 최고의 야식,UgzO7iVHx55lzImh8zV4AaABAg
2025-03-10 00:16:06,65ePiBfLVt8,아니 공룡 어디갔어,UgzWbKqXU1Q9SX1m_2t4AaABAg
2025-03-10 00:16:06,65ePiBfLVt8,왜 화장실에서 방송함?,Ugwj8JeMyIlxTj23OqF4AaABAg
2025-03-10 00:16:06,65ePiBfLVt8,3일동안 군만두만 먹다가 제육볶음 먹은 기분이네..,UgxJ5zeb-q2LJHP81Ot4AaABAg
2025-03-10 00:16:06,65ePiBfLVt8,이거 바루스가 딱 구마유시 롤이네,UgwTPNCVx4rj4z47gwp4AaABAg
2025-03-10 00:16:06,65ePiBfLVt8,화장실에서 방송하는거임?,UgyofYET0Xir5_q1-U14AaABAg
2025-03-10 00:16:06,65ePiBfLVt8,오늘 생일입니다 축카해주십쇼..,Ugz3N6XrV0Chv6Fsc9B4AaABAg
2025-03-10 00:16:06,65ePiBfLVt8,물쥐림 이사했네,Ugz48aNIoiUkwaE3Dgp4AaABAg
2025-03-10 00:16:06,65ePiBfLVt8,스튜디오 화장실인가요,Ugx5qnIXnFcGccGyQvN4AaABAg
2025-03-10 00:16:06,65ePiBfLVt8,디도스 해결함?,UgynRucFRv1I3D1Ne_x4AaABAg
2025-03-10 00:16:06,65ePiBfLVt8,음질이,UgzNVlm4ujaPSGMQJnR4AaABAg
2025-03-10 00:16:06,65ePiBfLVt8,물쥐 이사함?,Ugz13IOL4bc1vpf3mUt4AaABAg
2025-03-10 00:16:06,65ePiBfLVt8,아니 잠깐 영상주기 뭐야??,Ugz_Yk0dM1hTRk1Eott4AaABAg
2025-03-10 00:16:06,65ePiBfLVt8,물쥐 이사하고 나서 브이로그같은거 방송에서 안함? 집 썰 풀었을거같은데 엄청 보고싶은데,Ugyew74eQgusWh2Z8Qd4AaABAg
2025-03-10 00:16:06,65ePiBfLVt8,드디어 왔네^!ㅂ,Ugx17pOTC6Uc2fqFu_Z4AaABAg
2025-03-10 00:16:06,65ePiBfLVt8,얜 주방에서 게임함?,UgzHPGCZRaEnmGmpbFF4AaABAg
2025-03-10 00:16:06,65ePiBfLVt8,어디 방음부스 이사감??,Ugz4qUE-q7dbEqUZOsd4AaABAg
2025-03-10 00:16:06,65ePiBfLVt8,형 사랑해,UgzHnPCY_-OYow-fiv14AaABAg
2025-03-10 00:16:06,65ePiBfLVt8,와 롤영상 너무 좋다 ㅎㅎ 지환아 나는 롤 영상만 봐 ㅎㅎ,UgxgbFHlj4wE66MDoa14AaABAg
2025-03-10 00:16:06,65ePiBfLVt8,물쥐형 이사했나요?,UgyFSMtuXhGr4PiDV-t4AaABAg
2025-03-10 00:16:06,65ePiBfLVt8,하 이것만 보고자야지,UgzvWC7nuqcPIoq9PAF4AaABAg
2025-03-10 00:16:06,65ePiBfLVt8,고기반찬이구나,UgybMwj34BKIK_yn7kR4AaABAg
2025-03-10 00:16:06,65ePiBfLVt8,물쥐형 집 이사했어?? 배경이 바껴있네,UgzcdPEBcjBdnNqNn-14AaABAg
2025-03-10 00:16:06,65ePiBfLVt8,10분전 귀하다귀해!!!!!!!!,UgySRDdekeaP5zIDgxt4AaABAg
2025-03-10 00:16:06,65ePiBfLVt8,왜 몬헌 안올라오누?,UgwPYYH3R1FwghkVgn54AaABAg
2025-03-10 00:16:06,65ePiBfLVt8,물쥐 이사함?,Ugz7pAvC95p8tQoKG-14AaABAg
2025-03-10 00:16:06,65ePiBfLVt8,지환아 몬헌재밌더라 많이 올려줘라,Ugy4JHif8zvod9tyl2F4AaABAg
2025-03-10 00:16:06,65ePiBfLVt8,드디어..,Ugzl39b52Zk1JdZud0Z4AaABAg
2025-03-10 00:16:06,65ePiBfLVt8,코 제가 키운겁니다,UgyEuvdW6g0eJx3nxPV4AaABAg
2025-03-10 00:16:06,65ePiBfLVt8,6킬 블츠 ㅅㅂㅋㅋㅋㅋㅋㅋㅋㅋㅋㅋㅋ,UgwH1XQPc3s8eumGw5B4AaABAg
2025-03-10 00:16:06,65ePiBfLVt8,진으로 20킬이상 하고 진거는 ㄹㅇ 뭐냐 ㅋㅋㅋㅋ,UgwhC5kAqvEG-ZaqfbN4AaABAg
2025-03-10 00:16:06,65ePiBfLVt8,물쥐 캠방 ㅇㄷ임?,Ugyu7pK-5p7MM6fkEoB4AaABAg
2025-03-10 00:16:06,65ePiBfLVt8,레오나 er 개잘쓰네 ㄷㄷ,Ugzp7E9AZAJW3KgtGOt4AaABAg
2025-03-10 00:16:06,65ePiBfLVt8,쥐환님 서울가셨다고 방송하는 곳을 옛생각나게 꾸몄네요,Ugx9VrzwA0j6EPTYfTJ4AaABAg
2025-03-10 00:16:06,65ePiBfLVt8,아 드디어 롤좀 올리네 물쥐래끼!!  고맙다 내 반찬!,UgwaBvsUGxU10wFwEVR4AaABAg
2025-03-10 00:16:06,65ePiBfLVt8,물쥐오빠 롤 영상 기달렸어😢😢😢,Ugy8U3QbXsmhl-0tWkV4AaABAg
2025-03-10 00:16:06,65ePiBfLVt8,"<a href=""https://www.youtube.com/watch?v=65ePiBfLVt8&amp;t=47"">0:47</a> 커피 뭐마실래 3초 안에 말해",UgytDd9e4Z1r-88atnd4AaABAg
2025-03-10 00:16:06,65ePiBfLVt8,이번캠 썸네일은 색다르네,UgwOkET4-0lq2H-xdap4AaABAg
2025-03-10 00:16:06,65ePiBfLVt8,썸네일 ㅋㅋㅋ,UgyePVihlXKSn3uHsyZ4AaABAg
2025-03-10 00:16:06,65ePiBfLVt8,이사람 왜 화장실에서 게임해요,UgyoiggPFq_gqKzurHd4AaABAg
2025-03-10 00:16:06,65ePiBfLVt8,물쥐님 롤도 좋지만 일상이나 토크 영상이 더 좋음..,UgyO6mNj0UjWnZZ9nad4AaABAg
2025-03-10 00:16:06,65ePiBfLVt8,저녁 감사합니다……,Ugz5MHxJgsVYYKDEetd4AaABAg
2025-03-10 00:16:06,65ePiBfLVt8,뽀뽀쪽,UgwGU--0vqT3NzHCMVB4AaABAg
2025-03-10 00:16:06,65ePiBfLVt8,코진짜 존나 크네,UgymP8KDsUgjDXH-f2h4AaABAg
2025-03-10 00:16:06,65ePiBfLVt8,방음부스여?,UgwFbw58OCo_TyyXMBd4AaABAg
2025-03-10 00:16:06,65ePiBfLVt8,물쥐 배경 뭐임? 화장실임?,UgwTyaQQe-xPM1svvP14AaABAg
2025-03-10 00:16:06,65ePiBfLVt8,배경 무슨일이야,UgzT7Q3rM8LjiH3934l4AaABAg
2025-03-10 00:16:06,65ePiBfLVt8,대충 멈췄던 시간이 어쩌구 도배될 예정,UgxcxXWxTrWODkyn3f54AaABAg
2025-03-10 00:16:06,65ePiBfLVt8,배경이 갑자기 왜 바꼈나요,Ugx0cDr-Q7M5PTxz3y94AaABAg
2025-03-10 00:16:06,65ePiBfLVt8,이궈궈든 ㅋㅋㅋㅋㅋㅋㅋ,UgxiYyCmW7WdiIGG59x4AaABAg
2025-03-10 00:16:06,65ePiBfLVt8,뭔가 많이 변한거같네요? 방이랑 안경이랑,Ugw6k8XdYtgNHPi-duZ4AaABAg
2025-03-10 00:16:06,65ePiBfLVt8,이분 왜 화장실에서 방송하나요?,Ugx4taJVeVNxnCfx2H14AaABAg
2025-03-10 00:16:06,65ePiBfLVt8,ㅋㅋㅋㅋㅋ캠 배경 피드백 빠른 거 너무 좋고,UgyPelSIky-avKGigkh4AaABAg
2025-03-10 00:16:06,65ePiBfLVt8,물쥐님 배경 화장실이에요? 진짜예요?,UgzJhqLM99Iy883yLQt4AaABAg
2025-03-10 00:16:06,65ePiBfLVt8,배경 왜이럼 이사햇나?,Ugz1B6K7O6KXUTUkLsd4AaABAg
2025-03-10 00:16:06,65ePiBfLVt8,집이 바뀐거같은디,UgwQvj8AJIGQv5pgZh94AaABAg
2025-03-10 00:16:06,65ePiBfLVt8,야식먹는데 잘 걸렸다 ㅋㅋ,UgwULoymWXx_4yNhH7V4AaABAg
2025-03-10 00:16:06,65ePiBfLVt8,머임 이사감?,UgxGxkl1S_YclcuCtqh4AaABAg
2025-03-10 00:16:06,65ePiBfLVt8,드디어 먹을만한 반찬 주네,UgwJOoMrPo9WPAcYhSt4AaABAg
2025-03-10 00:16:06,65ePiBfLVt8,뭔 화장실에서 롤을 하고 있냐 ㅋㅋㅋ,UgzBiBz9cpHXCN9G8j94AaABAg
2025-03-10 00:16:06,65ePiBfLVt8,드디어 롤이다,Ugxl7_VRowXal0q4Xel4AaABAg
2025-03-10 00:16:06,65ePiBfLVt8,고맙다 롤영상....,Ugwd71AY-_HiXgvgeQN4AaABAg
2025-03-10 00:16:06,65ePiBfLVt8,ㅋㅋㅋㅋㅋㅋㅋㅋㅋㅋㅋㅋㅋㅋㅋㅋㅋㅋㅋㅋㅋㅋㅋㅋㅋㅋㅋㅋㅋㅋㅋㅋㅋㅋㅋㅋㅋㅋㅋㅋㅋㅋ,UgyFEhQQqKIYMVIX2DN4AaABAg
2025-03-10 00:16:06,65ePiBfLVt8,아니 배경 뭐야 ㅅㅂ..돌려놔,Ugy_6eT_lZyGAfeCacF4AaABAg
2025-03-10 00:16:06,65ePiBfLVt8,120만 축하 씨발 드리고싶습니다,Ugwuy0a94V-5X7pemgt4AaABAg
2025-03-10 00:16:06,65ePiBfLVt8,안주 ㄱㅅ,Ugzbl5SW8d4oOGvt1354AaABAg
2025-03-10 00:16:06,65ePiBfLVt8,언제 이사하심?,UgzNFGJ0x3sCbz7y9zZ4AaABAg
2025-03-10 00:16:06,65ePiBfLVt8,머리 옛날집보다 더 커보이는것 같네 ㅋㅋㅋㅋㅋ,Ugzg-xr3cRBNXEkB-BB4AaABAg
2025-03-10 00:16:06,65ePiBfLVt8,이것만을 기다렸다면 개추 ㅋㅋ,UgwqOvSvXXW-_IYIHHh4AaABAg
2025-03-10 00:16:06,65ePiBfLVt8,아~따 잘생겼네,Ugzi6y24aGzqz6uAi514AaABAg
2025-03-10 00:16:06,65ePiBfLVt8,내 세상이 움직이기 시작했어..!,UgwPw-jY-vpA0nlkjXd4AaABAg
2025-03-10 00:16:06,65ePiBfLVt8,물쥐 옛날 목욕탕에서 게임함? 배경 왜저래,UgwP3QUFgcMSfrfEJ1N4AaABAg
2025-03-10 00:16:06,65ePiBfLVt8,물쥐 스튜디오 옮김?,UgxEO7m-OBvX1vMJUx94AaABAg
2025-03-10 00:16:06,65ePiBfLVt8,얘 이사함?,UgyJ7j8LlIJDdGd1_Dh4AaABAg
2025-03-10 00:16:06,65ePiBfLVt8,물괴님 이사 어디로 하심?,UgzgLJRHmQ_D8CTv3ul4AaABAg
2025-03-10 00:16:06,65ePiBfLVt8,ㅅㅅ,Ugz2_66dlCtZXaQeGKp4AaABAg
2025-03-10 00:16:06,65ePiBfLVt8,물쥐야 너도 타이칸 댓글이밴트나해줘,UgzCfp0fA7GYY5QNit94AaABAg
2025-03-10 00:16:06,65ePiBfLVt8,배경이 뭔가 합성한 느낌이네 ㅋㅋㅋ,UgwrJ9gRHO7NgmPonJ54AaABAg
2025-03-10 00:16:06,65ePiBfLVt8,캠 다시 돌아온게 낫다,UgzgiEpq-cvnIsKWfiB4AaABAg
2025-03-10 00:16:06,65ePiBfLVt8,남캠임?,UgwTLsh8tZOnWlt3ac14AaABAg
2025-03-10 00:16:06,65ePiBfLVt8,물쥐햄 배경이 바뀌셨네요,Ugy14gId7_1j8inn_CF4AaABAg
2025-03-10 00:16:06,65ePiBfLVt8,아직 안봤는데 재밌다,Ugy55duVvNxyohJjobl4AaABAg
2025-03-10 00:16:06,65ePiBfLVt8,집 소개영상좀 찍어주세여,Ugx-W10Tlkza8Vrx-Z94AaABAg
2025-03-10 00:16:06,65ePiBfLVt8,고추바사삭 vs 황올 추천좀요,Ugyan5rjtRX8UTsjiUl4AaABAg
2025-03-10 00:16:06,65ePiBfLVt8,벌써 재밌네 ㅋㅋ,UgzaVZzb6Oxqsus5qN14AaABAg
2025-03-10 00:16:06,65ePiBfLVt8,휴 드디어 제육볶음이네;;;,UgwDq2ROk8-FTfiWzS14AaABAg
2025-03-10 00:16:06,65ePiBfLVt8,배고팠는데 잘됐다,Ugxf9JUMy2F11f_CxZR4AaABAg
2025-03-10 00:16:06,65ePiBfLVt8,세상이 돌아간다,UgxoK-HrdKvX_g_TRZJ4AaABAg
2025-03-10 00:16:06,65ePiBfLVt8,조회수없음 뭐노,Ugz5wxs0uGdwytTfzi94AaABAg
2025-03-10 00:16:06,65ePiBfLVt8,선 댓글 후 감상,Ugw4Tf94C4psa6K0MkN4AaABAg
2025-03-10 00:16:06,65ePiBfLVt8,쥐환이 이사했음??,UgwOeA-iwPs_luSpQFB4AaABAg
2025-03-10 00:16:06,65ePiBfLVt8,와 썸네일 역대급으로 폭력 참기 힘드네,Ugwz4Ur_UG-iFrYZqiN4AaABAg
2025-03-10 00:16:06,65ePiBfLVt8,도구론 창시자가 이젠 도구로 전락해버린...... 도구의 가정사를 이해하고 해채 분석하던 그가 이젠.... 참담하다,UgzTefNANjpznZUSQh54AaABAg
2025-03-10 00:16:06,65ePiBfLVt8,쉣,Ugy2L4ZK6AVCQHik0zR4AaABAg
2025-03-10 00:16:06,65ePiBfLVt8,존나 달려오다 넘어졌지만 롤이라서 꾸역꾸역 기어왔다,Ugz_xX7wGixP3xDUIql4AaABAg
2025-03-10 00:16:06,65ePiBfLVt8,오늘은 어떤 댓글을 도둑맞을까,Ugy5JgyLulLzQ6MUJgN4AaABAg
2025-03-10 00:16:06,65ePiBfLVt8,30초전 귀하다,UgwbF80dcuoyVHmr0Sp4AaABAg
2025-03-10 00:16:06,65ePiBfLVt8,나도 키워줘,UgyDuTcanYPztJYpPi54AaABAg
2025-03-10 00:16:06,65ePiBfLVt8,윤석열 대통령 탄핵 각하하라,UgyZVQb0_DGvadTOPaJ4AaABAg
2025-03-10 00:16:06,65ePiBfLVt8,세상이 돌아가기 시작했다,UgzpqY_ubylysJv0cch4AaABAg
2025-03-10 00:16:06,65ePiBfLVt8,조회수 없음 지렸다.,UgyYwLqCezH1y8Gar4x4AaABAg
2025-03-10 00:16:06,65ePiBfLVt8,기분좋은 롤기견들은 개추,UgwkI4tnFC4ukH5Hmml4AaABAg
2025-03-10 00:16:06,65ePiBfLVt8,썸네일 컹쓰,UgyMb76QxradIRzjvnt4AaABAg
2025-03-10 00:16:06,65ePiBfLVt8,1,UgzohVGPxAT4V09JhLN4AaABAg
2025-03-10 00:16:06,65ePiBfLVt8,그래내가배댓,UgzmfUhfajDw9Koc_dp4AaABAg
2025-03-10 00:16:06,65ePiBfLVt8,츄릅..,Ugxs9BlyE4RhzqFZ8ed4AaABAg
2025-03-10 00:16:06,65ePiBfLVt8,헉,UgzIr9ubpY_COJ40Tz54AaABAg
2025-03-10 00:16:06,65ePiBfLVt8,ㅋ,UgyS_oLHxId69Mr7YYZ4AaABAg
2025-03-10 00:16:06,65ePiBfLVt8,댓글 1등 해버리기,UgyAUxl563omBO_rvfd4AaABAg
2025-03-10 00:16:06,65ePiBfLVt8,점심 드디어왔네,UgwUoeQU4hYp2uJj3At4AaABAg
2025-03-10 00:16:06,65ePiBfLVt8,아직안봄,UgyT2N5j1GyKFxF26bp4AaABAg
2025-03-10 00:16:06,65ePiBfLVt8,11111,UgxUv2Z3R7BkC220AP14AaABAg
2025-03-10 00:16:06,65ePiBfLVt8,드디어 고기반찬,UgztMLiTQt6yd-9tc9R4AaABAg
2025-03-10 00:16:06,65ePiBfLVt8,ㅎㅇ,UgzQD_keQlXozEt5EPN4AaABAg
2025-03-10 00:16:06,65ePiBfLVt8,롤이랑롤체만해라진짜로다가,UgwZfuyTb2jxt1Aovo14AaABAg
2025-03-10 00:16:06,65ePiBfLVt8,1,Ugz2CAxE0KHLgHJnnDd4AaABAg
2025-03-10 00:16:06,65ePiBfLVt8,좋다좋아~,UgzxBXYYFa2wBhylM1V4AaABAg
2025-03-10 00:16:06,65ePiBfLVt8,1빠,Ugw-sOoHEWiWPhbBnHR4AaABAg
2025-03-10 00:16:06,65ePiBfLVt8,지환이 보다가 임신해버림,Ugzs1ZVocPfaq18-wY54AaABAg
2025-03-10 00:16:06,65ePiBfLVt8,오,UgyXj8-AoVNL8Q-yRUh4AaABAg
2025-03-10 00:16:06,65ePiBfLVt8,물쥐 이이잉ㅇ 기모링,Ugy3V-Nm4GFnDullnDx4AaABAg
2025-03-10 00:16:06,65ePiBfLVt8,허거덩,Ugz0gp9YuLqd5nWoBB54AaABAg
2025-03-10 00:16:06,65ePiBfLVt8,귀하다,UgyJ-i96CvbEZMJRYkB4AaABAg
2025-03-10 00:16:06,65ePiBfLVt8,1등,UgzPcCEjFK-HdzYoBX94AaABAg
2025-03-10 00:16:06,65ePiBfLVt8,오우,UgxmrXJT6OXv6k7a5TB4AaABAg
2025-03-10 00:16:06,65ePiBfLVt8,ㅎㅇ,UgyAq85EvaART2KFD-V4AaABAg
2025-03-10 00:16:06,65ePiBfLVt8,야자 끝나고 야르,Ugzl8AKQ85k5oQbBvSF4AaABAg
2025-03-10 00:16:06,65ePiBfLVt8,오 개꿀,UgwufSJarSZaJp2QFhR4AaABAg
2025-03-10 00:16:06,65ePiBfLVt8,1등이닭!,Ugx8UpszCubkpsl2oTp4AaABAg
2025-03-10 00:16:06,65ePiBfLVt8,기모링,UgzBwRsq88BWwIxMwhR4AaABAg
2025-03-10 00:16:06,65ePiBfLVt8,야장지환,UgwXqY5gGUxR17Pnr6R4AaABAg
2025-03-10 00:16:06,65ePiBfLVt8,1,Ugy2SnUI-RQUZfw95Ex4AaABAg
2025-03-10 00:16:06,65ePiBfLVt8,오,Ugw_O2w9UHWLme60ZDd4AaABAg
2025-03-10 00:16:06,65ePiBfLVt8,.,UgzqAWwdHe0rRZTmhSB4AaABAg
2025-03-10 00:16:06,65ePiBfLVt8,1빠,UgwEmc9t2i1ICiY7Er54AaABAg
2025-03-10 00:16:06,65ePiBfLVt8,rr,UgwGFj022hZoN0dBKK94AaABAg
2025-03-10 00:16:07,4kh2OJNZi9U,"<a href=""https://www.youtube.com/watch?v=4kh2OJNZi9U&amp;t=812"">13:32</a> 와 거스 진짜 개오랜만에 듣네 ㅋㅋㅋㅋㅋㅋㅋ",UgzXMIY1VRlqG-V1ti54AaABAg
2025-03-10 00:16:07,4kh2OJNZi9U,공부하긴 싫고 하니 재미없어하는게 보였다ㅋㅋㅋ,UgwQMJSsgK6_dHdrDZx4AaABAg
2025-03-10 00:16:07,4kh2OJNZi9U,뭔가쎄하게 기싸움 ㅈㄴ하는거 나만느꺼짐?,UgwNnRVWaDn0NwBRUuN4AaABAg
2025-03-10 00:16:07,4kh2OJNZi9U,이거보니까 몬헌사야하나 고민되네 헤보는<br>사고싶은 마음 안들었는데,UgwzVKcSLpwXnWmP_dl4AaABAg
2025-03-10 00:16:07,4kh2OJNZi9U,왜 완이야 더해,UgznqYr3nlOhYTnTWmB4AaABAg
2025-03-10 00:16:07,4kh2OJNZi9U,와 진짜 틀딱들은 이딴 ㅈ노잼 게임을 도대체 어떻게 하는거지...? 나도 늙으면 이렇게 되려나,Ugz8LKjGBB1adjFu4Tx4AaABAg
2025-03-10 00:16:07,4kh2OJNZi9U,몬헌 은근맛있네 완결이라아쉽다,Ugy6GEIDyTxMYETG8YZ4AaABAg
2025-03-10 00:16:07,4kh2OJNZi9U,와 근데 이 멤버로 몬헌 재밌게 한 건 진짜 의외다,UgzmFCg39jOqiFSkuTV4AaABAg
2025-03-10 00:16:07,4kh2OJNZi9U,이잉~ 다2빙,UgyFk51_0Tihyn8wKzh4AaABAg
2025-03-10 00:16:07,4kh2OJNZi9U,제여자친구가 물쥐님팬인데 괴물쥐님이 피파하면 자기도 피파 하겠다고 해서 그런데 피파방송 한번만 해주시면 안될까요 형님,UgwOF5qbvVS3zf-hRmp4AaABAg
2025-03-10 00:16:07,4kh2OJNZi9U,혜지보우건 졸업,UgwcGa1_EcgjBWJqTNl4AaABAg
2025-03-10 00:16:07,4kh2OJNZi9U,지금 롤체 저 하는 게임에 계셔서 확인차 왔다가 좋아요 누르고 갑니다 매복자셔서 집행자로 가야하넹ᆢㄷㅠ,UgxW9GHQPLT1zdeuSDd4AaABAg
2025-03-10 00:16:07,4kh2OJNZi9U,물쥐 누구보다 오타쿠같은데 일본어 배척하는개 ㅈㄴ 웃기네 ㅋㅋㅋㅋㅋㅋ<br>몬헌도 재밌다 물쥐야 롤체만 하지마라 ㄹㅇ,UgyoZCnv1py4-L8vIG94AaABAg
2025-03-10 00:16:07,4kh2OJNZi9U,얘네들은 그나마 볼만한데 계집년이랑 대머리새끼나오면 못보겠음,Ugw37hXRdbNbFf02H1l4AaABAg
2025-03-10 00:16:07,4kh2OJNZi9U,완이라뇨...... 재밌는데 ㅠㅠㅠㅠ,UgxFGtwv62nyhzDTa-h4AaABAg
2025-03-10 00:16:07,4kh2OJNZi9U,ㅋㅋㅋㅋ,UgznmIcYcSPsyxhrKKd4AaABAg
2025-03-10 00:16:07,4kh2OJNZi9U,완이라구?!!!,UgyQGT1rn9CFhfEec7p4AaABAg
2025-03-10 00:16:07,4kh2OJNZi9U,"<a href=""https://www.youtube.com/watch?v=4kh2OJNZi9U&amp;t=947"">15:47</a> 활 매드무비 지렸다 ㄷㄷ",UgzK5l6n0qhBFZ2dFnp4AaABAg
2025-03-10 00:16:07,4kh2OJNZi9U,완이라고??? 더없음??,UgwVwzMB6omKVIPnHyV4AaABAg
2025-03-10 00:16:07,4kh2OJNZi9U,진짜 개재밌네 아 ㅋㅋㅋ,Ugz96PSUg4E_rXC6XRt4AaABAg
2025-03-10 00:16:07,4kh2OJNZi9U,아이ㅣ 완이라고?,UgxIBCXCFBCfEdp5b2p4AaABAg
2025-03-10 00:16:07,4kh2OJNZi9U,안돼 완이라니… ㅠㅠ,Ugy3LLMw5O5lMui24b94AaABAg
2025-03-10 00:16:07,4kh2OJNZi9U,아 이대로 완이야? 아쉬운뎈ㅋㅋㅋㅋ,UgwakVf8u9GHi-TS8cx4AaABAg
2025-03-10 00:16:07,4kh2OJNZi9U,물쥐야 그동안의 정을 봐서 켜두고 똥싸러 간다..<br>다음 영상은 롤체로 부탁한다<br>그럼이만,UgzMyzLEAkohX7Si2MZ4AaABAg
2025-03-10 00:16:07,4kh2OJNZi9U,완이라고? ㅠㅠ,UgzweqZ0-AF5JlwmILR4AaABAg
2025-03-10 00:16:07,4kh2OJNZi9U,물쥐야 종겜 다 좋은데 몬헌은 맛이가 없다,UgxdK_Q9V9o7o24tI5J4AaABAg
2025-03-10 00:16:07,4kh2OJNZi9U,와 이사람 몬헌 이게 첫시리즌가 마지막 솔플하는거 뉴비가 잘하니까 쾌감 지리네 앞으로 몇번씩 솔플로 종결템 맞추러가면 좋겠다 ㅅㅂ,UgykCqHjVmIoO5f05jB4AaABAg
2025-03-10 00:16:07,4kh2OJNZi9U,근접이 재밌는데 ㅋㅋㅋ 걍 붙어서 싸우기 싫은거아님?,UgxWmeta7ufRRR8vIq54AaABAg
2025-03-10 00:16:07,4kh2OJNZi9U,얘네랑 하는건 다 노잼임,UgwqedhnJdwVHTXoZ614AaABAg
2025-03-10 00:16:07,4kh2OJNZi9U,몬헌 이제 안하나요?,UgznQ21r8xhuCkzS9YZ4AaABAg
2025-03-10 00:16:07,4kh2OJNZi9U,세상간지 날려면 활을 잡아란 소리가 있지,UgwbEb0IjdVWfmb4jkV4AaABAg
2025-03-10 00:16:07,4kh2OJNZi9U,하 아이스본까지하고 접었는데 ㅈㄴ재밌어보이네,UgzSBj8bnlUEpc1cN6t4AaABAg
2025-03-10 00:16:07,4kh2OJNZi9U,왜 벌써 완인데 ㅅㅂ,Ugw2x2lWisIwgayzyT14AaABAg
2025-03-10 00:16:07,4kh2OJNZi9U,진짜 재미없나보네 ㅋㅋㅋㅋ 벌써 완이라니..,UgwBt_B_as-wG-G3MzV4AaABAg
2025-03-10 00:16:07,4kh2OJNZi9U,재밋는데 벌써 완임!,UgziNCv4dlhWL_Ep7DZ4AaABAg
2025-03-10 00:16:07,4kh2OJNZi9U,"저——신 급 ㅁㅊ 챌린저 동선 梨롤梨카 롤梨카梨 챌리신은 도신, 저신 뭐가 맞음 ??",UgxpWsJQs7TrxVLSCnF4AaABAg
2025-03-10 00:16:07,4kh2OJNZi9U,롤🔥카🔥롤🔥카 chill chill 맞게 그러지 말고 요기와서 chill 하게 놀다가면 당신은 chll guy..,UgwZcs_WG3dPNfKik3V4AaABAg
2025-03-10 00:16:07,4kh2OJNZi9U,언제어디서 다양하게 즐길수 있는  롤💧카💧롤💧카 이거이거 완전 대박 인데,UgxW8VTNvqlGjuuH3St4AaABAg
2025-03-10 00:16:07,4kh2OJNZi9U,롤💚카💚롤💚카💚 이스포츠는 역시 여기만한대도 없는거같다… 이거완전 물건 그 잡채네 ..,UgysaOaMbTT0dE2seGh4AaABAg
2025-03-10 00:16:07,4kh2OJNZi9U,새시즌 롤 개꿀잼 그 잡채 입니다 너무재밌어서 미춰버리겟넹ㅎㅎ 🤔롤🤔카🤔롤🤔카🤔,UgxpY_z4og2p4o9JslB4AaABAg
2025-03-10 00:16:07,4kh2OJNZi9U,왜 완침??,Ugwze1IiYZMkEl_ioGJ4AaABAg
2025-03-10 00:16:07,4kh2OJNZi9U,헤보할때 쳐 자다 활 할때 깻는데 활에 감동이있었어 …,UgwtknK8P_N_Y3IyT154AaABAg
2025-03-10 00:16:07,4kh2OJNZi9U,몬헌 오래오래 해주세요...😊,UgzqZngLg7V4Mcj7JPd4AaABAg
2025-03-10 00:16:07,4kh2OJNZi9U,얘 근데 청자가 활이 재밌다고 했는데 활 뒤져도 안한다고 하지않았음??,Ugx5InCcbgadFztqztB4AaABAg
2025-03-10 00:16:07,4kh2OJNZi9U,뭐야 왜 완이야,Ugw0FFeL7o2gTesCj-d4AaABAg
2025-03-10 00:16:07,4kh2OJNZi9U,씨봉방 몬헌 잼나네 ㅋㅋㅋㅋ,UgxFAevt5PVtLoLSDCd4AaABAg
2025-03-10 00:16:07,4kh2OJNZi9U,그냥 변기임,Ugxbv2T2JJY2_1McWEh4AaABAg
2025-03-10 00:16:07,4kh2OJNZi9U,"<a href=""https://www.youtube.com/watch?v=4kh2OJNZi9U&amp;t=754"">12:34</a> 명바이VS문크예거 ㅋㅋㅋㅋㅋㅋㅋ",UgzGIda6izQSXI6zuh94AaABAg
2025-03-10 00:16:07,4kh2OJNZi9U,옛날에 이런겜 했던거같은데..테라였나...,UgwPin4uZvxlSyrQfXl4AaABAg
2025-03-10 00:16:07,4kh2OJNZi9U,물쥐 몬헌할때 잠못잠? 말투가 좀 예민하네,Ugw-z4bCpWtetw0Sta14AaABAg
2025-03-10 00:16:07,4kh2OJNZi9U,몬헌 은근 맛있네ㅋㅋㅋ 자주 해줬으면 좋겠다,UgwlK_eqEfVMElLgJOB4AaABAg
2025-03-10 00:16:07,4kh2OJNZi9U,이 샏히 왤케 요즘 븅신됐냐 피해의식도 심해진거 같고 편집자 편집실력땜에 보게 된다,UgzULFXrn_eZixiaLBF4AaABAg
2025-03-10 00:16:07,4kh2OJNZi9U,이거보고 활 선택함,Ugx5WGJ04aMtqAWrcIx4AaABAg
2025-03-10 00:16:07,4kh2OJNZi9U,"<a href=""https://www.youtube.com/watch?v=4kh2OJNZi9U&amp;t=728"">12:08</a> 갑분 마이클베이 머고ㅋㅋㅋㅋ",UgzP32Swei0_hwGzdoF4AaABAg
2025-03-10 00:16:07,4kh2OJNZi9U,최소한의 사용법도 안보고 일단 박아 &gt; 사용법 모르니까 당연히 약한데 약하다고 징징 &gt; 채팅 창남 &gt; 숙청<br>진짜 미친놈인줄... 무슨 패턴임 이게,UgyzMIAxp3Fhrvj69oN4AaABAg
2025-03-10 00:16:07,4kh2OJNZi9U,롤좀하라고,Ugzx8Yw5u83DB-1A_xB4AaABAg
2025-03-10 00:16:07,4kh2OJNZi9U,빨갛게 달군 그것을 그곳에 넣어 식혀주고 쌓여있는 하얀병을 한번에 방출하는 진정한 남자의 무기 <br><br><del>X지 액스</del>,UgzExPm1Tk4d3MVto-V4AaABAg
2025-03-10 00:16:07,4kh2OJNZi9U,아 제일 맛있는게 한번 하고 끝난다고? 헤보 보다가 활보니까 타격감 지리노,UgxrAen46gZenu_ePFJ4AaABAg
2025-03-10 00:16:07,4kh2OJNZi9U,벌써 완이야..?,UgyDpNZV7fPOxOsO6C94AaABAg
2025-03-10 00:16:07,4kh2OJNZi9U,존나 재밌는데 벌써 완이라고? 좆롤 강점기 언제 끝나냐,Ugwk4L1uHSlfBVrqaRl4AaABAg
2025-03-10 00:16:07,4kh2OJNZi9U,롤체좀 해줘 물쥐야,UgznFDFvTOQNK8VK9VV4AaABAg
2025-03-10 00:16:07,4kh2OJNZi9U,몬헌 재밌네,UgwxJM3GlB2tvtmxyPl4AaABAg
2025-03-10 00:16:07,4kh2OJNZi9U,이야 생각보다 재밋게 즐기네 ㅋㅋㅋ창날줄알았는데 ㅋㅋㅋㅋ영상후반부되니까 회피반응도 잘하고 보는맛이있네,UgxCkhLYhlJJLN9oqQd4AaABAg
2025-03-10 00:16:07,4kh2OJNZi9U,뭐야 왜 완이야,UgwiGZofKyKmIREje_x4AaABAg
2025-03-10 00:16:07,4kh2OJNZi9U,롤,Ugz7601LDoPId7Av50R4AaABAg
2025-03-10 00:16:07,4kh2OJNZi9U,20분 안넘어서 아쉽다..,Ugw1UqFH3t1H26VfPox4AaABAg
2025-03-10 00:16:07,4kh2OJNZi9U,공겜83,UgxXPlAPFXCnuYCzswp4AaABAg
2025-03-10 00:16:07,4kh2OJNZi9U,아 진짜 썸네일 보고 개쳐웃었네,UgxEVADvrMfm_TsGhd14AaABAg
2025-03-10 00:16:07,4kh2OJNZi9U,뒤지기싫으면 롤 올려라,UgwzDpkmZVD8S8toj0N4AaABAg
2025-03-10 00:16:07,4kh2OJNZi9U,"<a href=""https://www.youtube.com/watch?v=4kh2OJNZi9U&amp;t=725"">12:05</a> 위기탈출 턱버원 ㅋㅋㅋ",UgywdhXEFccBjPWd87t4AaABAg
2025-03-10 00:16:07,4kh2OJNZi9U,노잼,UgzJP55qxFuxN2w0CXF4AaABAg
2025-03-10 00:16:07,4kh2OJNZi9U,원거리 무기만 쳐쓸꺼면 완 치는게 나음ㅇㅇ,UgwI6mCA8vhS3NBTdSZ4AaABAg
2025-03-10 00:16:07,4kh2OJNZi9U,엔딩 안보고 완임?,UgxEDwNSHwVF6Osqbjp4AaABAg
2025-03-10 00:16:07,4kh2OJNZi9U,헤보해,UgzgWjwfBDnf9sIBUht4AaABAg
2025-03-10 00:16:07,4kh2OJNZi9U,이거 어쩌다 완떴나요,UgxOnaHkv6vcHwK0DUt4AaABAg
2025-03-10 00:16:07,4kh2OJNZi9U,아니 왜 활슝좍이 돼버리신 거에요,Ugz7CziHXJsq5ZWA0Xd4AaABAg
2025-03-10 00:16:07,4kh2OJNZi9U,뉴비들 넘 귀엽다 ㅠㅠ 내충주안껴서 피리 맞으니까 움찔거리는거 진짜 넘 야해 ㅋㅋㅋㅋㅋ,UgzpW2YfH7B-Tg8cfQR4AaABAg
2025-03-10 00:16:07,4kh2OJNZi9U,물쥐가 잘하니까 더 보는맛이 있네,UgxD2SH4_NJ9epLq3Yh4AaABAg
2025-03-10 00:16:07,4kh2OJNZi9U,얘 근데 몬헌 왜접음? 엔딩본거임?,UgyFKgOnxFNchxG46iF4AaABAg
2025-03-10 00:16:07,4kh2OJNZi9U,몬헌 벌써 완임? 뭐지 ;;,UgzmN8xfg09fsvlsajJ4AaABAg
2025-03-10 00:16:07,4kh2OJNZi9U,와 난 일본어더빙봤을 때 서양인들이 일본어하니까 개이상하던데 ㅋㅋㅋㅋㅋㅋㅋ,Ugwf33sfewbq_2eTXLF4AaABAg
2025-03-10 00:16:07,4kh2OJNZi9U,유도화쌀 강격병 연사~강사~,UgzvxUSLUhVp9w6--hp4AaABAg
2025-03-10 00:16:07,4kh2OJNZi9U,근데 물쥐 캠 바뀜?,UgxbEBA7Xk7QkAcZhEx4AaABAg
2025-03-10 00:16:07,4kh2OJNZi9U,줫나맛없네 가지무침 조기튀김 군대자장면급,Ugz1IQ_jdPHpW-oW3bF4AaABAg
2025-03-10 00:16:07,4kh2OJNZi9U,근데 볼수록 명훈이 찐냄새 심하게 나네ㅋㅋㅋㅋㅋㅋㅋㅋㅋㅋㅋㅋㅋㅋㅋㅋ<br>근데 그맛이 싫지가 않음ㅋㅋㅋㅋㅋㅋㅋㅋㅋㅋ,UgzTUQBhuROHf5vgrGN4AaABAg
2025-03-10 00:16:07,4kh2OJNZi9U,다른 근접 무기들 데미지를 모르니까 이게 쎈건지 약한건지 모르겠네 ㅋㅋㅋ,UgxM7VZ3epOgyz6iauJ4AaABAg
2025-03-10 00:16:07,4kh2OJNZi9U,"<a href=""https://www.youtube.com/watch?v=4kh2OJNZi9U&amp;t=625"">10:25</a> 조루동숙 ㄷㄷ",UgzTA-uIGwI0neJhz3J4AaABAg
2025-03-10 00:16:07,4kh2OJNZi9U,물쥐 활 잘한다 ㄷㄷ,Ugy2Y-WgzZDxweHe6gJ4AaABAg
2025-03-10 00:16:07,4kh2OJNZi9U,물쥐캠은 방보이게하는게 더꿀잼인듯,Ugz18GK-vhwN7XgK6Qp4AaABAg
2025-03-10 00:16:07,4kh2OJNZi9U,저 무기가 ‘쥐창’내고 바꾼 무기인가요??,UgwXrxquaQgHpVCRTZp4AaABAg
2025-03-10 00:16:07,4kh2OJNZi9U,"<a href=""https://www.youtube.com/watch?v=4kh2OJNZi9U&amp;t=159"">2:39</a> 대가리 박살 모닝콜 ㄷㄷ",Ugzppf8USNBY_fYAgQ14AaABAg
2025-03-10 00:16:07,4kh2OJNZi9U,시발 완이라니  평생해,UgzI-68BtWy_s-Jcr8x4AaABAg
2025-03-10 00:16:07,4kh2OJNZi9U,몬헌 ㅈㄴ 맛있네,Ugw_e3t5O4GIAzhcg7R4AaABAg
2025-03-10 00:16:07,4kh2OJNZi9U,요즘 이것만 기다린다.,UgzXcrO1fK1jt3FOS0V4AaABAg
2025-03-10 00:16:07,4kh2OJNZi9U,3일째 채소 반찬이네 어휴,Ugxc7uxjqCAFkhJ6LCt4AaABAg
2025-03-10 00:16:07,4kh2OJNZi9U,그만해라 이 게임,UgzuSIBogHvxrvnXgM54AaABAg
2025-03-10 00:16:07,4kh2OJNZi9U,몬헌 4에서 이놈 처음마주쳤을때 개쫄았음,UgwlbrYGcXxBsEembMd4AaABAg
2025-03-10 00:16:07,4kh2OJNZi9U,이새기 머리 왜이럼ㅋㅋ,UgyrDcXwYeKx20RwiSt4AaABAg
2025-03-10 00:16:07,4kh2OJNZi9U,언제 헤보 내리나 했다 ㅋㅋㅋ,UgyhwwEqmOW1ze5P6Gd4AaABAg
2025-03-10 00:16:07,4kh2OJNZi9U,엄마 나 가지볶음 안먹는다고 했잖아,UgwRTS6sfSQ6XOJ6uxR4AaABAg
2025-03-10 00:16:08,4kh2OJNZi9U,몬헌강점기,Ugy_h2a-KcjtvFlmGIV4AaABAg
2025-03-10 00:16:08,4kh2OJNZi9U,활 왜캐 사기처럼보이지.. 상처뭔데?<br>전버전에서 활들었는데 그거랑은좀다른데..?,UgyABq74YqAmlk_hIoR4AaABAg
2025-03-10 00:16:08,4kh2OJNZi9U,와 근데 활은 좀 보는 맛 있네 회피랑 공중 사격 같은 거 멋있다,Ugw4Ns7hfFwzazEoJ-V4AaABAg
2025-03-10 00:16:08,4kh2OJNZi9U,개잘하네,UgyiA-ssVy0dKNyrrCF4AaABAg
2025-03-10 00:16:08,4kh2OJNZi9U,구교선 변상우는 이걸보면 좋아여를눌러리,UgwVVR4vfPBhsuqKX714AaABAg
2025-03-10 00:16:08,4kh2OJNZi9U,롤체견들 부들 거리는 거 꼴 좋으면 개추 ㅋㅋ,Ugy0GRdpsta6nQNtHMZ4AaABAg
2025-03-10 00:16:08,4kh2OJNZi9U,이게 마지막이라 봐준다 협곡올려,UgxPQhmR9st9G9E4H8F4AaABAg
2025-03-10 00:16:08,4kh2OJNZi9U,난 몬헌이 더 재밌는데 완 하지마라 십바,Ugw8X7XfGDAi0rkoobt4AaABAg
2025-03-10 00:16:08,4kh2OJNZi9U,몬헌 원거리는 ㅈ노잼이긴해 재미 느끼려면 근거리 + 패드가 맞다,Ugy5IaoDlSQyDx7HzhF4AaABAg
2025-03-10 00:16:08,4kh2OJNZi9U,재미뗘재미뗘,UgyT2YPndNH-B6QC59J4AaABAg
2025-03-10 00:16:08,4kh2OJNZi9U,몬헌 유저 늘어나는거 보니까 기분이 좋아용...,Ugx5a4_Vc4gHy2ulXbZ4AaABAg
2025-03-10 00:16:08,4kh2OJNZi9U,물쥐야 진심으로 ㅈㄴ게 실망스럽다 요즘 업로드보면,Ugy5Nm9r6KhCKz-ZRVF4AaABAg
2025-03-10 00:16:08,4kh2OJNZi9U,왜 완이냐 개재밌었는디,UgyPIkvHM6j74bDIBnl4AaABAg
2025-03-10 00:16:08,4kh2OJNZi9U,언제부터인가 &#39;물쥐야&#39; 보다 &#39;지환아&#39;가 익숙한 산악회ㅋㅋ 너무 좋고,UgxNWUVj0lDxs-Zx8BF4AaABAg
2025-03-10 00:16:08,4kh2OJNZi9U,줫나재밋노,Ugz07U7T9bPB8FYV-O94AaABAg
2025-03-10 00:16:08,4kh2OJNZi9U,왜 완이야 재밌는데 ㅠㅠ,UgyUSxIZvItXuRPcaF94AaABAg
2025-03-10 00:16:08,4kh2OJNZi9U,삼식이 개폐급이노(아직 안봄),UgyDznunOci8to4y9ed4AaABAg
2025-03-10 00:16:08,4kh2OJNZi9U,정보) 활 처음 든 날 유도화살 쓸 줄 모른다고 개같이 까여서 숙청 한번 일어남,Ugy4tQFYTcyzahbU_9J4AaABAg
2025-03-10 00:16:08,4kh2OJNZi9U,몬헌 하는거 재밌네 솔직히 롤보다 재밌는듯,Ugzt6K_b-fdnjSPHWel4AaABAg
2025-03-10 00:16:08,4kh2OJNZi9U,"<a href=""https://www.youtube.com/watch?v=4kh2OJNZi9U&amp;t=730"">12:10</a> 톰 덫 걸릴때",UgzVf2SO0GEe1gI_loR4AaABAg
2025-03-10 00:16:08,4kh2OJNZi9U,와 근데 활 개멋있디,UgxqB38tQnatux9_sTp4AaABAg
2025-03-10 00:16:08,4kh2OJNZi9U,아니 근데 이샠기들은 ㅋㅋㅋ 피할생각자치를안하고 몸빨으로 껼려고하노,Ugz28jvOwmwwQpClic94AaABAg
2025-03-10 00:16:08,4kh2OJNZi9U,몬헌 진짜 재밋다 월드도 해줬으면😢,UgyDduGAHWdf9heO4Ix4AaABAg
2025-03-10 00:16:08,4kh2OJNZi9U,헤보도 나쁘지 않게 하더니<br>상처 시스템과 저스트 가드&amp;저스트 회피 시스템도 제대로 익히시니까 활로 제대로 왕귀 하신거 축하드려요!🎉🎉🎉,UgzeNGXM1o3gFcQ41Ih4AaABAg
2025-03-10 00:16:08,4kh2OJNZi9U,"<a href=""https://www.youtube.com/watch?v=4kh2OJNZi9U&amp;t=730"">12:10</a> 톰이 비명 지르는줄 알았네 ㅋㅋㅋㅋㅋㅋㅋㅋㅋㅋㅋㅋㅋㅋㅋㅋㅋㅋㅋㅋ",UgxQI18wL0t1_ozYEOh4AaABAg
2025-03-10 00:16:08,4kh2OJNZi9U,"<a href=""https://www.youtube.com/watch?v=4kh2OJNZi9U&amp;t=730"">12:10</a> 톰 쥐덫 걸리는 소리 씹 ㅋㅋ",Ugz0PcnAx2aoPY0iSah4AaABAg
2025-03-10 00:16:08,4kh2OJNZi9U,이정도면 억튜브 개노잼인데 던파는 왜안올림,Ugz7yq7bd8Ua68AykE94AaABAg
2025-03-10 00:16:08,4kh2OJNZi9U,롤 니가해,UgwWp-J9bzT7OBRKP6l4AaABAg
2025-03-10 00:16:08,4kh2OJNZi9U,난 물쥐형 롤말고 다른거할때가 제일 재밌더라,UgxNITTYsEulnhQv1NF4AaABAg
2025-03-10 00:16:08,4kh2OJNZi9U,요즘 제 인생의 낙입니다..,UgyAaxs0dtbEJVBhIgN4AaABAg
2025-03-10 00:16:08,4kh2OJNZi9U,몬헌 하는 물쥐 행복해보여서 보기만 해도 기분 좋음,UgxuJ64INZVzI3l4xlx4AaABAg
2025-03-10 00:16:08,4kh2OJNZi9U,자연의 지환떴다,UgxoFB7EwMBfZDTvKQV4AaABAg
2025-03-10 00:16:08,4kh2OJNZi9U,그…그만해 나 무서워 이러다 다 죽어…,UgzU6M7-9aH7Ye2GgyR4AaABAg
2025-03-10 00:16:08,4kh2OJNZi9U,최종병쥐 활,Ugwo6621S8jpKXNvKhZ4AaABAg
2025-03-10 00:16:08,4kh2OJNZi9U,꼴통을 줘 터뜨리고싶네(아직안봄),UgxAYnCOJ8MF2BJZrw94AaABAg
2025-03-10 00:16:08,4kh2OJNZi9U,에휴 ㄴㅈ 반찬이 왜이래,Ugx21i-7vJm3o8mPdJx4AaABAg
2025-03-10 00:16:08,4kh2OJNZi9U,이 형 다른 게임 하는거 보면 너무 못하는 건 아니라서 뭐든 재밌다,UgxqtWKtXDHVKBaTDxV4AaABAg
2025-03-10 00:16:08,4kh2OJNZi9U,"<a href=""https://www.youtube.com/watch?v=4kh2OJNZi9U&amp;t=13"">0:13</a> 괴물쥐 편집자 등장 &gt;&lt;",UgxKrLE8IhMXfbt5cix4AaABAg
2025-03-10 00:16:08,4kh2OJNZi9U,크로마키 적응 안되는 사람 개추,Ugy1aNPVS67vE9eyjhF4AaABAg
2025-03-10 00:16:08,4kh2OJNZi9U,헤헤 이것도 맛있어,UgzulyNPwg5uTklroFZ4AaABAg
2025-03-10 00:16:08,4kh2OJNZi9U,안타깝다 현공공면 의 재미를 모르는 롤기견들,Ugygc_MpFBAODDoIF7p4AaABAg
2025-03-10 00:16:08,4kh2OJNZi9U,노잼그만올리고 차라리 롤체나올리자..,UgxUaj_yF4EWviPKJed4AaABAg
2025-03-10 00:16:08,4kh2OJNZi9U,"<a href=""https://www.youtube.com/watch?v=4kh2OJNZi9U&amp;t=195"">3:15</a> 삼식의 이의 있음",Ugyvwpp_AlsszYOm3Fl4AaABAg
2025-03-10 00:16:08,4kh2OJNZi9U,아 또 이거야?,Ugytyri6hHppziaTMgt4AaABAg
2025-03-10 00:16:08,4kh2OJNZi9U,롤 안하니까 행복해보인다,UgxExWS6sUarkSYCPAd4AaABAg
2025-03-10 00:16:08,4kh2OJNZi9U,가지무침 말고 제육이나 볶아와라,UgxTupCwpgJ4FduSc-h4AaABAg
2025-03-10 00:16:08,4kh2OJNZi9U,이 게임 오늘이 마지막이길 제발…,UgxaAlcE532aCeeAkhx4AaABAg
2025-03-10 00:16:08,4kh2OJNZi9U,슬슬 롤체 마려우면 개추,Ugw5C3FCVQHsiW2w7PF4AaABAg
2025-03-10 00:16:08,4kh2OJNZi9U,하아…영양실조다,UgzUkGtIdHShX-Q72kd4AaABAg
2025-03-10 00:16:08,4kh2OJNZi9U,멈춰!!!!!!,UgwMiSSEvqRkIoYonHV4AaABAg
2025-03-10 00:16:08,4kh2OJNZi9U,화질 왜이럼? 트위치임?,UgysByDPYQ8c6QSCWEt4AaABAg
2025-03-10 00:16:08,4kh2OJNZi9U,고기반찬은 언제나옴?,Ugz6ksWUkH074kd9uY54AaABAg
2025-03-10 00:16:08,4kh2OJNZi9U,아.. 또야,UgxirwRydyD-28xfHbF4AaABAg
2025-03-10 00:16:08,4kh2OJNZi9U,오늘 야식도 맛있다,UgyrSAny2-S4qaBNjWd4AaABAg
2025-03-10 00:16:08,4kh2OJNZi9U,물쥐 캠 왜이래,Ugyxay8NIHS8kv0jgdN4AaABAg
2025-03-10 00:16:08,4kh2OJNZi9U,52초전은 귀하다 ㄷㄷ,UgzFjJ5sWpP5kw117UF4AaABAg
2025-03-10 00:16:08,4kh2OJNZi9U,가치무침도 먹다보니까 괜찮은듯,UgzCR6TnGHEFWEw7Yhh4AaABAg
2025-03-10 00:16:08,4kh2OJNZi9U,화질 ㅠㅠ,UgyvlJZGnPH84BS9VCx4AaABAg
2025-03-10 00:16:08,4kh2OJNZi9U,1분전은 못참쥐~,UgzuJBEXYLNZq_2c5wF4AaABAg
2025-03-10 00:16:08,4kh2OJNZi9U,귀하다,UgyJqIZZ-dJAofKoXPx4AaABAg
2025-03-10 00:16:08,4kh2OJNZi9U,롤한잔 낋이오거라,Ugw6cdKxkvlPMKZSLHR4AaABAg
2025-03-10 00:16:08,4kh2OJNZi9U,밤에 개맛있는 야식이노~~,UgyknUFB3rUTesv_fbd4AaABAg
2025-03-10 00:16:08,4kh2OJNZi9U,3일 몬헌영상??<br>물쥐형 사랑해,Ugy9FDUnoBcPHHnTnsp4AaABAg
2025-03-10 00:16:08,4kh2OJNZi9U,ㅎㅇ,UgyRJiY-plKHSdPWXC14AaABAg
2025-03-10 00:16:08,4kh2OJNZi9U,롤 내놔~~~~~~~~~~~~~~~~,Ugw8Uw7Plcd7XWkkJUV4AaABAg
2025-03-10 00:16:08,4kh2OJNZi9U,이잉 기모링~,UgxDOY15zoEqt4r_urN4AaABAg
2025-03-10 00:16:08,4kh2OJNZi9U,와 진짜 ㅈㄴ 빠르네 쥐청자들 ㅋㅋ,UgxN9deilG3pOGFY62V4AaABAg
2025-03-10 00:16:08,4kh2OJNZi9U,개강해서 힘든 대학생이면 개추ㅋㅋ,UgwWtYaYGiPCOPUSx194AaABAg
2025-03-10 00:16:08,4kh2OJNZi9U,몬헌강점기 끝내고 롤체강점기나 왔으면 하는 롤체견은 개추ㅋㅋ,UgyOuevBT8PWdM738o94AaABAg
2025-03-10 00:16:08,4kh2OJNZi9U,던닝하다가 감기걸렸어요.. 감기 조심하세요,UgwmnCdQN4c2pqmwC494AaABAg
2025-03-10 00:16:08,4kh2OJNZi9U,물쥐형 사랑해,UgyPcRKlWBQoJEyr-iB4AaABAg
2025-03-10 00:16:08,4kh2OJNZi9U,재미없쪙..,UgwrOzKaHdxqt2V5K5V4AaABAg
2025-03-10 00:16:08,4kh2OJNZi9U,오호,UgzpmmugprUZjV5GL7R4AaABAg
2025-03-10 00:16:08,4kh2OJNZi9U,나 오늘 면접 떨어지고 왔는데 노잼 영상 또 올렸네,UgxFwVGFR-SDxqrpr1h4AaABAg
2025-03-10 00:16:08,4kh2OJNZi9U,1,Ugyzuaysw4_weYFo69x4AaABAg
2025-03-10 00:16:08,4kh2OJNZi9U,컴터 구려서 몬헌 못하는 1인🥲,UgyTCVx-s94v1y3PzVd4AaABAg
2025-03-10 00:16:08,4kh2OJNZi9U,오늘도 가지무침이네...😂,UgyFo4g8gaDdD0kG2Vh4AaABAg
2025-03-10 00:16:08,4kh2OJNZi9U,괴물쥐 코 큰거 봐라(아직 안 봄),UgyAWSeSVrhmYENg01l4AaABAg
2025-03-10 00:16:08,4kh2OJNZi9U,롤은....?😢,UgzfCOcVX_YOIgMq8fV4AaABAg
2025-03-10 00:16:08,4kh2OJNZi9U,난 베댓이 될 상이다,Ugy7m_P5TaQcPVsgTzp4AaABAg
2025-03-10 00:16:08,4kh2OJNZi9U,어 형이야 형은 결국 제일 먼저와버려,UgxgE-QPCHc0FdJ5XdN4AaABAg
2025-03-10 00:16:08,4kh2OJNZi9U,재수생 화이팅…!!,UgygxE4faL1RWK3698x4AaABAg
2025-03-10 00:16:08,4kh2OJNZi9U,아 오늘도 가지볶음 ㅠ😢,UgxFQqGQeKJNc-RsOkp4AaABAg
2025-03-10 00:16:08,4kh2OJNZi9U,1,UgxhyifU9rKS2kzuH6h4AaABAg
2025-03-10 00:16:08,4kh2OJNZi9U,ㅋㅋ,UgzGk8Xkklux1QUHY1x4AaABAg
2025-03-10 00:16:08,4kh2OJNZi9U,아 가지무침 그만 주세요...,UgxzHvnXqLK5qO7ctw54AaABAg
2025-03-10 00:16:08,4kh2OJNZi9U,ㅇㄴ,UgwcUeI3oTrnTJC2f2Z4AaABAg
